paciente_endereco_nmMunicipio,paciente_endereco_uf,Qtd_Vacinas,Etiqueta_Classificacao
FERNANDOPOLIS,SP,49376,Alta Vacinação
TAPIRAI,MG,3,Baixa Vacinação
PIEDADE,SP,36052,Alta Vacinação
BARRINHA,SP,18294,Alta Vacinação
SAO JOAO DE MERITI,RJ,1202,Alta Vacinação
MAIRIPORA - SP,"",1,Baixa Vacinação
PRATANIA,SP,4030,Alta Vacinação
CONCEICAO DO PARA,MG,22,Baixa Vacinação
IPIAU,BA,1653,Alta Vacinação
CAXIAS,MA,1601,Alta Vacinação
MALHADA,BA,513,Alta Vacinação
VITORIA DAS MISSOES,RS,4,Baixa Vacinação
MONJOLOS,MG,16,Baixa Vacinação
NOVA MARINGA,MT,18,Baixa Vacinação
ALMIRANTE TAMANDARE DO SUL,RS,1,Baixa Vacinação
RIOLANDIA,SP,5424,Alta Vacinação
VITORIA DO MEARIM,MA,501,Alta Vacinação
SAO JOAO DO ITAPERIU,SC,19,Baixa Vacinação
CALDEIRAO GRANDE,BA,584,Alta Vacinação
IMACULADA,PB,801,Alta Vacinação
CANTO DO BURITI,PI,739,Alta Vacinação
LONDRINA,PR,10910,Alta Vacinação
ITAMARAJU,BA,590,Alta Vacinação
NOVO HORIZONTE,SP,23411,Alta Vacinação
SAO JOSE DOS CAMPOS,SP,402351,Alta Vacinação
FERNANDO FALCAO,MA,8,Baixa Vacinação
SERRA AZUL,SP,8505,Alta Vacinação
ALUMINIO,SP,13409,Alta Vacinação
TUPANCIRETA,RS,12,Baixa Vacinação
IACRI,SP,3391,Alta Vacinação
BROCHIER,RS,3,Baixa Vacinação
TABAPUA,SP,7777,Alta Vacinação
TEOTONIO VILELA,AL,1131,Alta Vacinação
BAIANOPOLIS,BA,23,Baixa Vacinação
HGYKIU,"",1,Baixa Vacinação
TRES LAGOAS,MS,6023,Alta Vacinação
CARPINA,PE,564,Alta Vacinação
ARACI - BA,"",1,Baixa Vacinação
DOIS LAJEADOS,RS,10,Baixa Vacinação
ITU,SP,102039,Alta Vacinação
LAGARTO,SE,1611,Alta Vacinação
CORUMBATAI,SP,2792,Alta Vacinação
PEQUI,MG,6,Baixa Vacinação
SEBASTIAO BARROS,PI,2,Baixa Vacinação
BARRA DO CHAPEU,SP,3533,Alta Vacinação
BELO HORIZONTE,MG,17732,Alta Vacinação
RIBEIRA DO POMBAL,BA,2176,Alta Vacinação
ANDRADINA,SP,32072,Alta Vacinação
CONDOR,RS,8,Baixa Vacinação
CAMPINA DO SIMAO,PR,15,Baixa Vacinação
LUCIARA,MT,17,Baixa Vacinação
TERRA ALTA,PA,10,Baixa Vacinação
GALINHOS,RN,10,Baixa Vacinação
WITMARSUM,SC,7,Baixa Vacinação
SAO JOSE DE RIBAMAR,MA,770,Alta Vacinação
SANTA TEREZINHA,MT,13,Baixa Vacinação
RESERVA DO IGUACU,PR,3,Baixa Vacinação
TIETE,SP,25280,Alta Vacinação
SARAPUI,SP,5432,Alta Vacinação
BOCAIUVA,MG,505,Alta Vacinação
LAVANDEIRA,TO,4,Baixa Vacinação
COTEGIPE,BA,21,Baixa Vacinação
BARRAS,PI,1280,Alta Vacinação
DAMOLANDIA,GO,6,Baixa Vacinação
TRIUNFO POTIGUAR,RN,6,Baixa Vacinação
ZORTEA,SC,11,Baixa Vacinação
VISTA GAUCHA,RS,6,Baixa Vacinação
ALTO BOA VISTA,MT,24,Baixa Vacinação
PARISI,SP,2352,Alta Vacinação
PARANAPUA,SP,2955,Alta Vacinação
IBIASSUCE,BA,506,Alta Vacinação
MUNICIPIO IGNORADO - CE,CE,1,Baixa Vacinação
BANZAE,BA,834,Alta Vacinação
JATAI,GO,753,Alta Vacinação
CAMOCIM,CE,553,Alta Vacinação
AGRONOMICA,SC,8,Baixa Vacinação
PAINEL,SC,3,Baixa Vacinação
SAO BONIFACIO,SC,7,Baixa Vacinação
SAO MANOEL DO PARANA,PR,23,Baixa Vacinação
MARAVILHAS,MG,17,Baixa Vacinação
PEDRO AVELINO,RN,9,Baixa Vacinação
SIMOES FILHO,BA,882,Alta Vacinação
MORADA NOVA,CE,506,Alta Vacinação
BELFORD ROXO,RJ,1091,Alta Vacinação
PORTO AMAZONAS,PR,12,Baixa Vacinação
FEIRA NOVA DO MARANHAO,MA,8,Baixa Vacinação
PONTE BRANCA,MT,4,Baixa Vacinação
DONA FRANCISCA,RS,4,Baixa Vacinação
BATALHA,PI,1440,Alta Vacinação
PETROLANDIA,PE,661,Alta Vacinação
ALTOS,PI,619,Alta Vacinação
TAIACU,SP,4647,Alta Vacinação
PALMITAL,SP,15105,Alta Vacinação
MONTE CARLO,SC,19,Baixa Vacinação
BARRA DO RIBEIRO,RS,14,Baixa Vacinação
BATAGUASSU,MS,1410,Alta Vacinação
AVELINO LOPES,PI,669,Alta Vacinação
MACIEIRA,SC,4,Baixa Vacinação
PIQUEROBI,SP,2322,Alta Vacinação
barueri,None,1,Baixa Vacinação
ALTO PARNAIBA,MA,20,Baixa Vacinação
NOVA ROMA DO SUL,RS,20,Baixa Vacinação
GENERAL CARNEIRO,MT,10,Baixa Vacinação
BARROLANDIA,TO,16,Baixa Vacinação
SEBASTIANOPOLIS DO SUL,SP,2994,Alta Vacinação
COLOMBO,PR,1992,Alta Vacinação
SALTINHO,SP,6676,Alta Vacinação
MARABA,PA,905,Alta Vacinação
UNIAO DA VITORIA,PR,506,Alta Vacinação
CORDISBURGO,MG,18,Baixa Vacinação
BARRA DA ESTIVA,BA,539,Alta Vacinação
SAO SEPE,RS,22,Baixa Vacinação
MINGA-PORA,None,1,Baixa Vacinação
GUAIRA,SP,28298,Alta Vacinação
PARAI,RS,21,Baixa Vacinação
ACAILANDIA,MA,631,Alta Vacinação
SAO MIGUEL DO TAPUIO,PI,1303,Alta Vacinação
ITIRAPINA,SP,8964,Alta Vacinação
JAU DO TOCANTINS,TO,18,Baixa Vacinação
MAURILANDIA DO TOCANTINS,TO,8,Baixa Vacinação
LUCELIA,SP,12826,Alta Vacinação
PONTE ALTA DO TOCANTINS,TO,15,Baixa Vacinação
PAULISTA,PE,1756,Alta Vacinação
ANTONIO DIAS,MG,23,Baixa Vacinação
IVAI,PR,23,Baixa Vacinação
FRANCISCO MORATO,SP,108434,Alta Vacinação
EREBANGO,RS,3,Baixa Vacinação
NOVO HAMBURGO,RS,701,Alta Vacinação
BASTOS,SP,15179,Alta Vacinação
SULINA,PR,13,Baixa Vacinação
FORTALEZA DOS VALOS,RS,9,Baixa Vacinação
ATALAIA DO NORTE,AM,8,Baixa Vacinação
ALMAS,TO,12,Baixa Vacinação
BRASOPOLIS,MG,1052,Alta Vacinação
RIO DO ANTONIO,BA,741,Alta Vacinação
CHAVANTES,SP,8059,Alta Vacinação
CAMPO DO TENENTE,PR,24,Baixa Vacinação
CERRO GRANDE DO SUL,RS,3,Baixa Vacinação
DIORAMA,GO,3,Baixa Vacinação
AMORINOPOLIS,GO,7,Baixa Vacinação
QUATRO IRMAOS,RS,2,Baixa Vacinação
VERA CRUZ,SP,6160,Alta Vacinação
NOVA CANAA PAULISTA,SP,1798,Alta Vacinação
CANOAS,RS,1202,Alta Vacinação
PAO DE ACUCAR,AL,670,Alta Vacinação
RIO SONO,TO,8,Baixa Vacinação
RIO PARDO,RS,24,Baixa Vacinação
ITAGUACU,ES,25,Baixa Vacinação
HORTOLANDIA,SP,145167,Alta Vacinação
GUARACI,SP,6374,Alta Vacinação
ARACOIABA DA SERRA,SP,21302,Alta Vacinação
BARAO DO TRIUNFO,RS,1,Baixa Vacinação
IPIRA,BA,2582,Alta Vacinação
MOMBACA,CE,1941,Alta Vacinação
URUCARA,AM,20,Baixa Vacinação
PIRAJU,SP,21525,Alta Vacinação
ENCRUZILHADA,BA,685,Alta Vacinação
BAURU,SP,235217,Alta Vacinação
MACAE,RJ,1489,Alta Vacinação
ABREULANDIA,TO,14,Baixa Vacinação
IGUATU,CE,1392,Alta Vacinação
ITUIUTABA,MG,1258,Alta Vacinação
SANTO ANTONIO DA ALEGRIA,SP,4942,Alta Vacinação
VALENCA,BA,715,Alta Vacinação
PONTE NOVA,MG,518,Alta Vacinação
LAGOA DOS TRES CANTOS,RS,1,Baixa Vacinação
CAMPANARIO,MG,24,Baixa Vacinação
FONTE BOA,AM,16,Baixa Vacinação
CATOLANDIA,BA,8,Baixa Vacinação
BARREIRAS DO PIAUI,PI,5,Baixa Vacinação
TREZE DE MAIO,SC,11,Baixa Vacinação
PONTE ALTA DO BOM JESUS,TO,11,Baixa Vacinação
RUBIACEA,SP,1936,Alta Vacinação
TIMBURI,SP,2042,Alta Vacinação
SAO LUIZ,RR,10,Baixa Vacinação
PRANCHITA,PR,12,Baixa Vacinação
RIO DO CAMPO,SC,7,Baixa Vacinação
CABECEIRA GRANDE,MG,9,Baixa Vacinação
BARREIROS,PE,815,Alta Vacinação
BOQUIRA,BA,1411,Alta Vacinação
CAXIAS DO SUL,RS,1337,Alta Vacinação
ATIBAIA,SP,112069,Alta Vacinação
FERNANDES PINHEIRO,PR,14,Baixa Vacinação
BOA VENTURA DE SAO ROQUE,PR,4,Baixa Vacinação
JALES,SP,31963,Alta Vacinação
DIAMANTE DO SUL,PR,10,Baixa Vacinação
SAO JOSE DE UBA,RJ,5,Baixa Vacinação
MARIAPOLIS,SP,2597,Alta Vacinação
INVALIDO,XX,11406,Alta Vacinação
MUZAMBINHO,MG,884,Alta Vacinação
TERRA SANTA,PA,9,Baixa Vacinação
ITIUBA,BA,1221,Alta Vacinação
IRAI,RS,14,Baixa Vacinação
LAGOA DO TOCANTINS,TO,5,Baixa Vacinação
ITAJUIPE,BA,694,Alta Vacinação
CAPELINHA,MG,592,Alta Vacinação
SACRAMENTO,MG,876,Alta Vacinação
lagunave,"",2,Baixa Vacinação
PRINCESA,SC,2,Baixa Vacinação
BOTUCATU,SP,90297,Alta Vacinação
JUAZEIRO,BA,1867,Alta Vacinação
ITACARAMBI,MG,780,Alta Vacinação
BONITO,PA,10,Baixa Vacinação
PORTO RICO,PR,26,Baixa Vacinação
ITAPETININGA,SP,110010,Alta Vacinação
RIBEIRAO BRANCO,SP,13815,Alta Vacinação
VARGEM GRANDE PAULISTA,SP,35574,Alta Vacinação
CENTRO,SP,1,Baixa Vacinação
IGREJA NOVA,AL,712,Alta Vacinação
PIEDADE DOS GERAIS,MG,19,Baixa Vacinação
SANTA MARIA DA SERRA,SP,3629,Alta Vacinação
POCO DAS ANTAS,RS,4,Baixa Vacinação
PARATY,RJ,1082,Alta Vacinação
CAMAMU,BA,798,Alta Vacinação
SAO MIGUEL DOS CAMPOS,AL,967,Alta Vacinação
SAMPAIO,TO,13,Baixa Vacinação
FAXINALZINHO,RS,4,Baixa Vacinação
RIFAINA,SP,1977,Alta Vacinação
FRANCISCO MACEDO,PI,26,Baixa Vacinação
AMARALINA,GO,7,Baixa Vacinação
ESTANCIA,SE,1454,Alta Vacinação
ESPERANCA,PB,746,Alta Vacinação
DOIS CORREGOS,SP,14881,Alta Vacinação
MARTINS SOARES,MG,22,Baixa Vacinação
CENTRO DO GUILHERME,MA,19,Baixa Vacinação
AURORA DO TOCANTINS,TO,1,Baixa Vacinação
CAMPESTRE DA SERRA,RS,6,Baixa Vacinação
PONTO NOVO,BA,848,Alta Vacinação
NOVA GRANADA,SP,13309,Alta Vacinação
CANINDE DE SAO FRANCISCO,SE,896,Alta Vacinação
SITIO DO QUINTO,BA,525,Alta Vacinação
BELAGUA,MA,14,Baixa Vacinação
ALTO CAPARAO,MG,18,Baixa Vacinação
MATEIROS,TO,4,Baixa Vacinação
Centro,None,20,Baixa Vacinação
IBERTIOGA,MG,20,Baixa Vacinação
PARAUAPEBAS,PA,1040,Alta Vacinação
CRAVINHOS,SP,18859,Alta Vacinação
TORRINHA,SP,5504,Alta Vacinação
MUNDO NOVO,GO,23,Baixa Vacinação
ARVOREDO,SC,3,Baixa Vacinação
OLIVEIRA DOS BREJINHOS,BA,1413,Alta Vacinação
NOVO SAO JOAQUIM,MT,20,Baixa Vacinação
ELISIARIO,SP,2188,Alta Vacinação
BORACEIA,SP,2446,Alta Vacinação
TUCUNDUVA,RS,6,Baixa Vacinação
CALMON,SC,3,Baixa Vacinação
ENVIRA,AM,21,Baixa Vacinação
ARAGOMINAS,TO,21,Baixa Vacinação
COREMAS,PB,596,Alta Vacinação
NOVO SANTO ANTONIO,MT,7,Baixa Vacinação
APIAI,SP,16205,Alta Vacinação
GOIOERE,PR,551,Alta Vacinação
AMAPA,AP,12,Baixa Vacinação
CUPARAQUE,MG,11,Baixa Vacinação
MARAVILHA,AL,528,Alta Vacinação
SAO JORGE,RS,3,Baixa Vacinação
CUSTODIA,PE,1184,Alta Vacinação
BANNACH,PA,5,Baixa Vacinação
NOVA PADUA,RS,3,Baixa Vacinação
TAQUARITINGA,SP,34603,Alta Vacinação
CORONEL FREITAS,SC,21,Baixa Vacinação
DOURADO,SP,5547,Alta Vacinação
ENGENHEIRO COELHO,SP,10090,Alta Vacinação
ARAMBARE,RS,6,Baixa Vacinação
CHAPADAO DO LAGEADO,SC,2,Baixa Vacinação
INDEPENDENCIA,RS,20,Baixa Vacinação
SAO GONCALO DO GURGUEIA,PI,4,Baixa Vacinação
TAIUVA,SP,5652,Alta Vacinação
MAQUINE,RS,23,Baixa Vacinação
SAO JOSE DO GOIABAL,MG,18,Baixa Vacinação
DIVINOPOLIS DE GOIAS,GO,9,Baixa Vacinação
SOBRADO,PB,20,Baixa Vacinação
PEDRO TEIXEIRA,MG,4,Baixa Vacinação
BOTUVERA,SC,23,Baixa Vacinação
FUNILANDIA,MG,21,Baixa Vacinação
VITORIA DA CONQUISTA,BA,8785,Alta Vacinação
MORRO DO PILAR,MG,5,Baixa Vacinação
PEREIRA BARRETO,SP,14877,Alta Vacinação
PALMEIRANTE,TO,5,Baixa Vacinação
JANDAIA,GO,18,Baixa Vacinação
DERRUBADAS,RS,4,Baixa Vacinação
JAICOS,PI,1261,Alta Vacinação
CAXAMBU,MG,663,Alta Vacinação
CUPIRA,PE,878,Alta Vacinação
GUARAITA,GO,5,Baixa Vacinação
LAJEADO,TO,17,Baixa Vacinação
DOIS IRMAOS DO TOCANTINS,TO,16,Baixa Vacinação
SAO JOSE DO PIAUI,PI,603,Alta Vacinação
SARANDI,PR,760,Alta Vacinação
QUIJINGUE,BA,1441,Alta Vacinação
LAGOA DO PIAUI,PI,22,Baixa Vacinação
BERNARDINO DE CAMPOS,SP,8709,Alta Vacinação
CORONEL MACEDO,SP,4374,Alta Vacinação
ABDON BATISTA,SC,10,Baixa Vacinação
ELDORADO,SP,7548,Alta Vacinação
TAQUARACU DE MINAS,MG,7,Baixa Vacinação
LAVRAS DO SUL,RS,2,Baixa Vacinação
MONTE ALEGRE DO SUL,SP,3982,Alta Vacinação
NILOPOLIS,RJ,513,Alta Vacinação
MESOPOLIS,SP,1512,Alta Vacinação
VICOSA,MG,1098,Alta Vacinação
MODELO,SC,10,Baixa Vacinação
CROMINIA,GO,4,Baixa Vacinação
ITAOCA,SP,2689,Alta Vacinação
IOMERE,SC,23,Baixa Vacinação
CANDELARIA,RS,23,Baixa Vacinação
CAMPOS GERAIS,MG,515,Alta Vacinação
ANGICO,TO,4,Baixa Vacinação
COLOMBIA,SP,4032,Alta Vacinação
TRINDADE DO SUL,RS,17,Baixa Vacinação
PARAIBUNA,SP,13061,Alta Vacinação
OURO VERDE,SP,4577,Alta Vacinação
SAO JOSE DO SUL,RS,1,Baixa Vacinação
OROS,CE,879,Alta Vacinação
IBATE,SP,20486,Alta Vacinação
CRUZEIRO DO SUL,RS,10,Baixa Vacinação
ITAPAGIPE,MG,537,Alta Vacinação
TERRA DE AREIA,RS,18,Baixa Vacinação
FARO,PA,14,Baixa Vacinação
TERESOPOLIS,RJ,857,Alta Vacinação
ORIZANIA,MG,12,Baixa Vacinação
PIAU,MG,5,Baixa Vacinação
PARAIBANO,MA,729,Alta Vacinação
CONCORDIA,SC,528,Alta Vacinação
CRUZILIA,MG,563,Alta Vacinação
PALESTINA DO PARA,PA,9,Baixa Vacinação
CAMBE,PR,1183,Alta Vacinação
ANTA GORDA,RS,8,Baixa Vacinação
SANTO EXPEDITO DO SUL,RS,2,Baixa Vacinação
NOSSA SENHORA DA GLORIA,SE,546,Alta Vacinação
SOUTO SOARES,BA,1241,Alta Vacinação
VERE,PR,11,Baixa Vacinação
TROMBUDO CENTRAL,SC,14,Baixa Vacinação
SANTA TEREZA DE GOIAS,GO,14,Baixa Vacinação
LUCIANOPOLIS,SP,1457,Alta Vacinação
REMIGIO,PB,901,Alta Vacinação
FILADELFIA,TO,20,Baixa Vacinação
AREIA,PB,597,Alta Vacinação
APERIBE,RJ,14,Baixa Vacinação
JANGADA,MT,13,Baixa Vacinação
RIBEIRAO CLARO,PR,596,Alta Vacinação
CANDANGOLANDIA,DF,1,Baixa Vacinação
BARRETOS,SP,70210,Alta Vacinação
PORTO XAVIER,RS,18,Baixa Vacinação
SÃO PAULO,None,1,Baixa Vacinação
LIVRAMENTO DE NOSSA SENHORA,BA,1526,Alta Vacinação
SANTA MARIA MADALENA,RJ,12,Baixa Vacinação
TATUI,SP,79612,Alta Vacinação
FLORIANO,PI,856,Alta Vacinação
IMPERATRIZ,MA,1492,Alta Vacinação
ALVINLANDIA,SP,1854,Alta Vacinação
CUNHATAI,SC,1,Baixa Vacinação
GUAMIRANGA,PR,16,Baixa Vacinação
TANGARA,SC,20,Baixa Vacinação
MEDEIROS,MG,11,Baixa Vacinação
IEPE,SP,5598,Alta Vacinação
ANHEMBI,SP,3727,Alta Vacinação
RIO MANSO,MG,5,Baixa Vacinação
BARRETOS,None,1,Baixa Vacinação
ROQUE GONZALES,RS,12,Baixa Vacinação
BONFINOPOLIS DE MINAS,MG,6,Baixa Vacinação
GABRIEL MONTEIRO,SP,2572,Alta Vacinação
GUARANESIA,MG,818,Alta Vacinação
ANTONIO OLINTO,PR,11,Baixa Vacinação
Bengi,SP,1,Baixa Vacinação
CAETITE,BA,1366,Alta Vacinação
LINDOESTE,PR,14,Baixa Vacinação
MANFRINOPOLIS,PR,2,Baixa Vacinação
BADY BASSITT,SP,16314,Alta Vacinação
PARAGUAI,None,1,Baixa Vacinação
REMANSO,BA,1322,Alta Vacinação
RIO DAS PEDRAS,SP,18878,Alta Vacinação
MACAMBARA,RS,3,Baixa Vacinação
TUFILANDIA,MA,14,Baixa Vacinação
GENERAL MAYNARD,SE,20,Baixa Vacinação
SAO FERNANDO,RN,8,Baixa Vacinação
AMERICO DE CAMPOS,SP,4670,Alta Vacinação
NOVA MARILANDIA,MT,21,Baixa Vacinação
GURJAO,PB,17,Baixa Vacinação
MIRAGUAI,RS,2,Baixa Vacinação
CHAPADA DO NORTE,MG,1317,Alta Vacinação
CIDADE DO LESTE,"",1,Baixa Vacinação
PLANALTO,RS,21,Baixa Vacinação
NOVA INDEPENDENCIA,SP,4238,Alta Vacinação
FAROL,PR,18,Baixa Vacinação
OURO VERDE DE GOIAS,GO,3,Baixa Vacinação
ADELANDIA,GO,8,Baixa Vacinação
BURITINOPOLIS,GO,6,Baixa Vacinação
PEREIRA BARETO,"",1,Baixa Vacinação
FATIMA,TO,8,Baixa Vacinação
PINHAL GRANDE,RS,7,Baixa Vacinação
SAO JOAO DO CARU,MA,20,Baixa Vacinação
ITAPIRANGA,AM,11,Baixa Vacinação
ESPINOSA,MG,1378,Alta Vacinação
SAO MARTINHO DA SERRA,RS,3,Baixa Vacinação
AGUA FRIA DE GOIAS,GO,12,Baixa Vacinação
ESTRELA DO INDAIA,MG,8,Baixa Vacinação
AREIOPOLIS,SP,7252,Alta Vacinação
CARATINGA,MG,628,Alta Vacinação
UNIAO DA SERRA,RS,1,Baixa Vacinação
CAMPINA GRANDE,PB,3148,Alta Vacinação
HARMONIA,RS,11,Baixa Vacinação
JACUIZINHO,RS,2,Baixa Vacinação
NOVA GUATAPORANGA,SP,2096,Alta Vacinação
FORTALEZA,CE,12675,Alta Vacinação
PONGAI,SP,2472,Alta Vacinação
SAO PEDRO DE ALCANTARA,SC,21,Baixa Vacinação
FORTUNA DE MINAS,MG,14,Baixa Vacinação
DELFINOPOLIS,MG,786,Alta Vacinação
CATANDUVA,SP,64760,Alta Vacinação
RENASCENCA,PR,10,Baixa Vacinação
IBICARAI,BA,1122,Alta Vacinação
QUIXELO,CE,722,Alta Vacinação
SAO JOAO DO ARAGUAIA,PA,26,Baixa Vacinação
GLICERIO,SP,2893,Alta Vacinação
BOA VISTA DAS MISSOES,RS,3,Baixa Vacinação
LINS,SP,45647,Alta Vacinação
PORTO VELHO,RO,2736,Alta Vacinação
XIQUE-XIQUE,BA,2313,Alta Vacinação
SERRINHA,BA,745,Alta Vacinação
LAGOA BONITA DO SUL,RS,4,Baixa Vacinação
MONDAI,SC,25,Baixa Vacinação
TUPARENDI,RS,13,Baixa Vacinação
RIBEIRAO PRETO,SP,434898,Alta Vacinação
"",BA,5,Baixa Vacinação
ALAGOINHAS,BA,1418,Alta Vacinação
RAFARD,SP,6930,Alta Vacinação
CAMPO BONITO,PR,6,Baixa Vacinação
PACARAIMA,RR,1814,Alta Vacinação
TATUI - SP,"",1,Baixa Vacinação
GOVERNADOR VALADARES,MG,1990,Alta Vacinação
CAMPOS NOVOS PAULISTA,SP,2610,Alta Vacinação
GOIATINS,TO,15,Baixa Vacinação
ITACAJA,TO,10,Baixa Vacinação
FAGUNDES VARELA,RS,2,Baixa Vacinação
JUQUIA,SP,12018,Alta Vacinação
NOVA ALIANCA,SP,4949,Alta Vacinação
JARDIM,SP,1,Baixa Vacinação
ALFREDO MARCONDES,SP,3613,Alta Vacinação
SANTA MARIA,RN,25,Baixa Vacinação
IBIRATAIA,BA,1092,Alta Vacinação
SAO JOSE DO OURO,RS,7,Baixa Vacinação
NHANDEARA,SP,6291,Alta Vacinação
CAMPOS BORGES,RS,2,Baixa Vacinação
PORTO FELIZ,SP,29195,Alta Vacinação
PRACINHA,SP,1729,Alta Vacinação
ARTUR NOGUEIRA,"",1,Baixa Vacinação
LAURENTINO,SC,9,Baixa Vacinação
SAO JOAO DO PAU D'ALHO,SP,1269,Alta Vacinação
BOCAINA,SP,7125,Alta Vacinação
SEVERIANO DE ALMEIDA,RS,6,Baixa Vacinação
INHAPI,AL,1023,Alta Vacinação
CANUDOS,BA,693,Alta Vacinação
POTIRENDABA,SP,11472,Alta Vacinação
PARECI NOVO,RS,3,Baixa Vacinação
PALMITINHO,RS,18,Baixa Vacinação
CORONEL PACHECO,MG,5,Baixa Vacinação
CLARAVAL,MG,545,Alta Vacinação
INHACORA,RS,4,Baixa Vacinação
SANTA ROSA DE VITERBO,SP,16349,Alta Vacinação
IBOTIRAMA,BA,624,Alta Vacinação
FEIRA GRANDE,AL,724,Alta Vacinação
IACANGA,SP,8245,Alta Vacinação
ITACARE,BA,567,Alta Vacinação
SENADOR CANEDO,GO,725,Alta Vacinação
PINHAL DE SAO BENTO,PR,7,Baixa Vacinação
TREMEMBE,SP,26722,Alta Vacinação
BOA VISTA DO TUPIM,BA,668,Alta Vacinação
MIRANDOPOLIS,SP,14444,Alta Vacinação
VILA FLORES,RS,11,Baixa Vacinação
ALTAIR,SP,2340,Alta Vacinação
ITAPUA DO OESTE,RO,22,Baixa Vacinação
PIMENTEIRAS DO OESTE,RO,19,Baixa Vacinação
POPULINA,SP,3073,Alta Vacinação
SAO FRANCISCO DO BREJAO,MA,26,Baixa Vacinação
APUI,AM,24,Baixa Vacinação
CERQUEIRA CESAR,SP,13899,Alta Vacinação
LINDOIA DO SUL,SC,14,Baixa Vacinação
carvillino,"",1,Baixa Vacinação
BOGOTA,"",1,Baixa Vacinação
IGARACU DO TIETE - SP,"",1,Baixa Vacinação
BOM SUCESSO DE ITARARE,SP,3003,Alta Vacinação
CURITIBA,PR,20502,Alta Vacinação
PALMARES,PE,1261,Alta Vacinação
NATALANDIA,MG,9,Baixa Vacinação
TESOURO,MT,13,Baixa Vacinação
AVAI,SP,3782,Alta Vacinação
NAVEGANTES,SC,757,Alta Vacinação
SIMPLICIO MENDES,PI,549,Alta Vacinação
BOCAINA DO SUL,SC,6,Baixa Vacinação
VALPARAISO,SP,13974,Alta Vacinação
BALSAMO,SP,7015,Alta Vacinação
MORRO AGUDO DE GOIAS,GO,9,Baixa Vacinação
SIMAO DIAS,SE,742,Alta Vacinação
MORRO DA GARCA,MG,14,Baixa Vacinação
ITAPIPOCA,CE,1280,Alta Vacinação
CABIXI,RO,21,Baixa Vacinação
TAPIRATIBA,SP,9488,Alta Vacinação
SALVADOR DAS MISSOES,RS,2,Baixa Vacinação
SANTANA DO RIACHO,MG,7,Baixa Vacinação
IPAUSSU,SP,8198,Alta Vacinação
DIAMANTE D'OESTE,PR,15,Baixa Vacinação
APIUNA,SC,17,Baixa Vacinação
CAJUEIRO,AL,654,Alta Vacinação
GRAMADO XAVIER,RS,1,Baixa Vacinação
PRESIDENTE KUBITSCHEK,MG,16,Baixa Vacinação
GUAPE,MG,528,Alta Vacinação
NOVA CASTILHO,SP,1077,Alta Vacinação
DARIO MEIRA,BA,940,Alta Vacinação
LAJEDO,PE,917,Alta Vacinação
"","",150314,Alta Vacinação
IBITIRAMA,ES,11,Baixa Vacinação
BARRA DO GARCAS,MT,502,Alta Vacinação
BARRA DO GUARITA,RS,5,Baixa Vacinação
CACHOEIRINHA,TO,3,Baixa Vacinação
MANDURI,SP,6887,Alta Vacinação
PUTINGA,RS,5,Baixa Vacinação
SERRA NOVA DOURADA,MT,10,Baixa Vacinação
UBERABA,MG,7187,Alta Vacinação
RIO NEGRO,MS,16,Baixa Vacinação
CAJAMAR,SP,53770,Alta Vacinação
PIRAPORA DO BOM JESUS,SP,10810,Alta Vacinação
IGARATA,SP,7625,Alta Vacinação
AURORA,SC,11,Baixa Vacinação
CAIABU,SP,2361,Alta Vacinação
CACIQUE DOBLE,RS,2,Baixa Vacinação
CHACARA,MG,11,Baixa Vacinação
SETE DE SETEMBRO,RS,1,Baixa Vacinação
MACAPA,AP,1530,Alta Vacinação
PORANGA,CE,742,Alta Vacinação
DILERMANDO DE AGUIAR,RS,1,Baixa Vacinação
PARNAMIRIM,RN,2367,Alta Vacinação
NAZARIA,PI,16,Baixa Vacinação
ALAMBARI,SP,3926,Alta Vacinação
CHUPINGUAIA,RO,23,Baixa Vacinação
ITAPECERICA DA SERRA,SP,99856,Alta Vacinação
AMPARO DE SAO FRANCISCO,SE,18,Baixa Vacinação
GUARAPARI,ES,716,Alta Vacinação
SANTANA DO SERIDO,RN,17,Baixa Vacinação
SANTO ANTONIO DO PINHAL,SP,4637,Alta Vacinação
CAMPOS DOS GOYTACAZES,RJ,1048,Alta Vacinação
BOM JESUS DO SUL,PR,21,Baixa Vacinação
SAO FELIX DO TOCANTINS,TO,2,Baixa Vacinação
GUAREI,SP,7159,Alta Vacinação
SAO DOMINGOS DO AZEITAO,MA,22,Baixa Vacinação
SAO FRANCISCO DO PARA,PA,22,Baixa Vacinação
SAO SEBASTIAO DO UATUMA,AM,9,Baixa Vacinação
FAZENDA RIO GRANDE,PR,771,Alta Vacinação
ARCO-IRIS,SP,1639,Alta Vacinação
SANTA RITA,PB,704,Alta Vacinação
BURITI DE GOIAS,GO,9,Baixa Vacinação
PORTO BARREIRO,PR,11,Baixa Vacinação
PALMAS,TO,2375,Alta Vacinação
ARROIO GRANDE,RS,14,Baixa Vacinação
SUCUPIRA,TO,12,Baixa Vacinação
SANTANA DO IPANEMA,AL,1010,Alta Vacinação
JOSE BOITEUX,SC,9,Baixa Vacinação
NHAMUNDA,AM,11,Baixa Vacinação
SAO JOAO DO PACUI,MG,20,Baixa Vacinação
ONDA VERDE,SP,4045,Alta Vacinação
SAO JOAO DE IRACEMA,SP,1586,Alta Vacinação
FLORESTA AZUL,BA,631,Alta Vacinação
LIMOEIRO DE ANADIA,AL,608,Alta Vacinação
CAMPINAS DO SUL,RS,17,Baixa Vacinação
MORRO GRANDE,SC,8,Baixa Vacinação
FAXINAL DOS GUEDES,SC,23,Baixa Vacinação
NOVO XINGU,RS,4,Baixa Vacinação
SENTINELA DO SUL,RS,4,Baixa Vacinação
ANHANGUERA,GO,5,Baixa Vacinação
URUTAI,GO,14,Baixa Vacinação
PARANAGUA,PR,805,Alta Vacinação
ARUJA - SP,"",1,Baixa Vacinação
PARAU,RN,12,Baixa Vacinação
AGUIA BRANCA,ES,15,Baixa Vacinação
TRES ARROIOS,RS,5,Baixa Vacinação
PINHAL DA SERRA,RS,2,Baixa Vacinação
CENTENARIO,RS,2,Baixa Vacinação
SANTA FILOMENA,PI,10,Baixa Vacinação
WESTFALIA,RS,6,Baixa Vacinação
ROSANA,SP,11422,Alta Vacinação
CATAS ALTAS,MG,13,Baixa Vacinação
BORBOREMA,SP,12452,Alta Vacinação
ARVOREZINHA,RS,8,Baixa Vacinação
GUAICARA,SP,7197,Alta Vacinação
VARGEM,SP,7006,Alta Vacinação
APARECIDA DO TABOADO,MS,1220,Alta Vacinação
JABOTICABAL,SP,43723,Alta Vacinação
BARRA DO RIO AZUL,RS,1,Baixa Vacinação
DIRCE REIS,SP,1389,Alta Vacinação
FORMIGA,MG,557,Alta Vacinação
QUATA,SP,9033,Alta Vacinação
PARANATAMA,PE,598,Alta Vacinação
ANGATUBA,SP,16274,Alta Vacinação
BOA VISTA DO SUL,RS,2,Baixa Vacinação
CARACAS,SP,1,Baixa Vacinação
BOSSOROCA,RS,3,Baixa Vacinação
MANOEL VITORINO,BA,929,Alta Vacinação
SAUDADE DO IGUACU,PR,24,Baixa Vacinação
TUBARAO,SC,590,Alta Vacinação
ACEGUA,RS,7,Baixa Vacinação
ARABUTA,SC,8,Baixa Vacinação
LAGUNA CARAPA,MS,20,Baixa Vacinação
LAVRINHAS,SP,4379,Alta Vacinação
SAO JOAO,PE,600,Alta Vacinação
GENERAL SALGADO,SP,7788,Alta Vacinação
UBIRAJARA,SP,2119,Alta Vacinação
ANGELIM,PE,536,Alta Vacinação
SAO JOAO DEL REI,MG,603,Alta Vacinação
OLIVEIRA FORTES,MG,9,Baixa Vacinação
TASSO FRAGOSO,MA,13,Baixa Vacinação
MONTALVANIA,MG,527,Alta Vacinação
IBITURUNA,MG,20,Baixa Vacinação
BELA VISTA DA CAROBA,PR,10,Baixa Vacinação
SAO JOSE DO XINGU,MT,19,Baixa Vacinação
LOUVEIRA,SP,33579,Alta Vacinação
NOVA SOURE,BA,1599,Alta Vacinação
FRONTEIRA,MG,1092,Alta Vacinação
REGINOPOLIS,SP,11822,Alta Vacinação
CUNHA,SP,14326,Alta Vacinação
ICEM,SP,5338,Alta Vacinação
IPUACU,SC,10,Baixa Vacinação
MINAS DO LEAO,RS,4,Baixa Vacinação
SAO SEBASTIAO DA GRAMA,SP,7156,Alta Vacinação
JAGUARI,RS,11,Baixa Vacinação
CARAGUATATUBA,SP,77158,Alta Vacinação
ANDRADAS,MG,2504,Alta Vacinação
CARIACICA,ES,1095,Alta Vacinação
BONFIM,RR,16,Baixa Vacinação
VALENCA DO PIAUI,PI,839,Alta Vacinação
BARRA DO OURO,TO,4,Baixa Vacinação
SALVADOR DO SUL,RS,19,Baixa Vacinação
COLORADO,RS,2,Baixa Vacinação
GURUPA,PA,11,Baixa Vacinação
CESARIO LANGE,"",2,Baixa Vacinação
SALINAS,MG,1233,Alta Vacinação
AGUAS DA PRATA,SP,5806,Alta Vacinação
CANHOTINHO,PE,787,Alta Vacinação
PORTELANDIA,GO,21,Baixa Vacinação
TEREZOPOLIS DE GOIAS,GO,20,Baixa Vacinação
IBIRAIARAS,RS,16,Baixa Vacinação
NOVA LUZITANIA,SP,2371,Alta Vacinação
BRASILIA,DF,18151,Alta Vacinação
SALDANHA MARINHO,RS,2,Baixa Vacinação
GAMELEIRA,PE,540,Alta Vacinação
GARCA,SP,26595,Alta Vacinação
JABOATAO DOS GUARARAPES,PE,5180,Alta Vacinação
FLORIDA PAULISTA,SP,7009,Alta Vacinação
DOVERLANDIA,GO,25,Baixa Vacinação
Ribeirão Branco,"",1,Baixa Vacinação
CRUZALTENSE,RS,2,Baixa Vacinação
são paulo,None,2,Baixa Vacinação
LEANDRO FERREIRA,MG,10,Baixa Vacinação
CARDOSO,SP,8088,Alta Vacinação
INDAIAL,SC,511,Alta Vacinação
CIRIACO,RS,4,Baixa Vacinação
RIBEIRA DO AMPARO,BA,870,Alta Vacinação
JERIQUARA,SP,2603,Alta Vacinação
CAMBUI,MG,1579,Alta Vacinação
NOVA UNIAO,MG,7,Baixa Vacinação
FIGUEIROPOLIS D'OESTE,MT,19,Baixa Vacinação
PINDORAMA DO TOCANTINS,TO,11,Baixa Vacinação
FLORES,PE,919,Alta Vacinação
OLINDINA,BA,1494,Alta Vacinação
CRISTIANOPOLIS,GO,16,Baixa Vacinação
GROSSOS,RN,22,Baixa Vacinação
SANDOLANDIA,TO,6,Baixa Vacinação
BALIZA,GO,16,Baixa Vacinação
RIO DE JANEIRO,RJ,49318,Alta Vacinação
ACORIZAL,MT,9,Baixa Vacinação
ITAPIRAPUA PAULISTA,SP,2773,Alta Vacinação
POMPEIA,SP,11827,Alta Vacinação
VARZEDO,BA,18,Baixa Vacinação
SANTO ANTONIO DAS MISSOES,RS,8,Baixa Vacinação
SUD MENNUCCI,SP,5559,Alta Vacinação
NOVA FRIBURGO,RJ,629,Alta Vacinação
CONCEICAO,PB,541,Alta Vacinação
ITAGUARI,GO,16,Baixa Vacinação
ANAJAS,PA,10,Baixa Vacinação
CABREUVA,SP,24226,Alta Vacinação
IPE,RS,12,Baixa Vacinação
PAULO DE FARIA,SP,6151,Alta Vacinação
VARRE-SAI,RJ,18,Baixa Vacinação
RIO PARDO DE MINAS,MG,816,Alta Vacinação
COROATA,MA,740,Alta Vacinação
ITAPICURU,BA,1423,Alta Vacinação
PINDAMONHANGABA,SP,103195,Alta Vacinação
SANTO ANTONIO DO JARDIM,SP,3600,Alta Vacinação
INGAI,MG,10,Baixa Vacinação
ANANINDEUA,PA,2346,Alta Vacinação
ASSUNCAO,PB,23,Baixa Vacinação
IBIAM,SC,15,Baixa Vacinação
DORES DE GUANHAES,MG,13,Baixa Vacinação
TAUBATE,SP,189012,Alta Vacinação
FOZ DO JORDAO,PR,14,Baixa Vacinação
SENADOR CORTES,MG,6,Baixa Vacinação
CAPAO BONITO - SP,"",1,Baixa Vacinação
JURAMENTO,MG,23,Baixa Vacinação
SAO JOSE DO HERVAL,RS,1,Baixa Vacinação
ITAI,SP,20404,Alta Vacinação
NOVA NAZARE,MT,14,Baixa Vacinação
OIAPOQUE,AP,26,Baixa Vacinação
PEJUCARA,RS,7,Baixa Vacinação
PORTO FERREIRA,SP,35240,Alta Vacinação
SAO PEDRO DO BUTIA,RS,1,Baixa Vacinação
CAMPO MOURAO,PR,1504,Alta Vacinação
JOSE BONIFACIO - SP,None,2,Baixa Vacinação
CERRITO,RS,6,Baixa Vacinação
INHUMA,PI,764,Alta Vacinação
CARAUARI,AM,24,Baixa Vacinação
LICINIO DE ALMEIDA,BA,547,Alta Vacinação
EMBU,None,1,Baixa Vacinação
MAZAGAO,AP,13,Baixa Vacinação
RIO DAS ANTAS,SC,11,Baixa Vacinação
ERMO,SC,4,Baixa Vacinação
LAGOA DO OURO,PE,555,Alta Vacinação
BARAO,RS,4,Baixa Vacinação
RIACHO FRIO,PI,21,Baixa Vacinação
VILA PAVAO,ES,5,Baixa Vacinação
CUITE DE MAMANGUAPE,PB,21,Baixa Vacinação
CANDEIAS,BA,846,Alta Vacinação
SALTO VELOSO,SC,4,Baixa Vacinação
RUY BARBOSA,RN,10,Baixa Vacinação
PEDRAS GRANDES,SC,2,Baixa Vacinação
SANTA MARIA DAS BARREIRAS,PA,19,Baixa Vacinação
TAVARES,PB,1075,Alta Vacinação
ESCADA,PE,643,Alta Vacinação
PEDRA DOURADA,MG,4,Baixa Vacinação
BRUNOPOLIS,SC,3,Baixa Vacinação
CAIANA,MG,16,Baixa Vacinação
VILA FLOR,RN,14,Baixa Vacinação
IPUPIARA,BA,799,Alta Vacinação
SANTO AUGUSTO,RS,23,Baixa Vacinação
SAO FRANCISCO DE GOIAS,GO,8,Baixa Vacinação
BERNARDO SAYAO,TO,11,Baixa Vacinação
RIO FORTUNA,SC,11,Baixa Vacinação
RONDONOPOLIS,MT,1425,Alta Vacinação
GUAJARA,AM,9,Baixa Vacinação
JACAREI,SP,143749,Alta Vacinação
SANTO ESTEVAO,BA,2101,Alta Vacinação
PASSA QUATRO,MG,861,Alta Vacinação
SAO JOAO DA PARAUNA,GO,4,Baixa Vacinação
ANGATUBA - SP,"",1,Baixa Vacinação
SAO JOAO DO CARIRI,PB,20,Baixa Vacinação
RIO DOS BOIS,TO,15,Baixa Vacinação
NOVO BRASIL,GO,5,Baixa Vacinação
FLORA RICA,SP,1513,Alta Vacinação
RIBEIRAO GRANDE,SP,6708,Alta Vacinação
DOM PEDRO DE ALCANTARA,RS,6,Baixa Vacinação
SP,None,1,Baixa Vacinação
VICTOR GRAEFF,RS,4,Baixa Vacinação
MINGA GUAZÚ,"",1,Baixa Vacinação
SENGES,PR,676,Alta Vacinação
SENTO SE,BA,596,Alta Vacinação
CAMPO DO MEIO,MG,585,Alta Vacinação
PARIQUERA-ACU,SP,11862,Alta Vacinação
MATRIZ DE CAMARAGIBE,AL,528,Alta Vacinação
JACUTINGA,MG,1391,Alta Vacinação
FORMOSA DA SERRA NEGRA,MA,17,Baixa Vacinação
TEOFILO OTONI,MG,1550,Alta Vacinação
SAGRES,SP,1688,Alta Vacinação
SANTANA DOS MONTES,MG,18,Baixa Vacinação
NOVA IGUACU DE GOIAS,GO,11,Baixa Vacinação
TUPANDI,RS,5,Baixa Vacinação
SUZANO,SP,178325,Alta Vacinação
VIRGEM DA LAPA,MG,624,Alta Vacinação
AGUA DOCE,SC,20,Baixa Vacinação
CRISTOPOLIS,BA,21,Baixa Vacinação
UNIAO DOS PALMARES,AL,1443,Alta Vacinação
GALVAO,SC,3,Baixa Vacinação
SAO VICENTE DO SUL,RS,10,Baixa Vacinação
CAMANDUCAIA,MG,1211,Alta Vacinação
SANTANA DA PONTE PENSA,SP,1296,Alta Vacinação
VARGINHA,MG,3130,Alta Vacinação
TURVANIA,GO,7,Baixa Vacinação
CAJOBI,SP,7016,Alta Vacinação
CANANEIA,SP,6800,Alta Vacinação
BALBINOS,SP,2853,Alta Vacinação
JABOTICABA,RS,9,Baixa Vacinação
TAIOBEIRAS,MG,937,Alta Vacinação
tupa,None,1,Baixa Vacinação
AGUA PRETA,PE,672,Alta Vacinação
CAJATI,SP,19762,Alta Vacinação
SAO JOAO DOS PATOS,MA,506,Alta Vacinação
ANORI,AM,19,Baixa Vacinação
CARMESIA,MG,9,Baixa Vacinação
FORMIGUEIRO,RS,7,Baixa Vacinação
BREJINHO DE NAZARE,TO,19,Baixa Vacinação
SEBASTIAO LARANJEIRAS,BA,616,Alta Vacinação
WIEDENBORSTEL,None,1,Baixa Vacinação
NOVA OLINDA DO NORTE,AM,12,Baixa Vacinação
DAVID CANABARRO,RS,2,Baixa Vacinação
IGUAI,BA,1431,Alta Vacinação
SAO DOMINGOS DO CARIRI,PB,8,Baixa Vacinação
SORRISO,MT,687,Alta Vacinação
VICOSA,RN,25,Baixa Vacinação
BANDEIRANTES,PR,1056,Alta Vacinação
CODAJAS,AM,9,Baixa Vacinação
RIO REAL,BA,1175,Alta Vacinação
MIMOSO DE GOIAS,GO,1,Baixa Vacinação
CANAS,SP,2178,Alta Vacinação
MONTE AZUL,MG,748,Alta Vacinação
FLORIANO PEIXOTO,RS,1,Baixa Vacinação
MORRO DO CHAPEU,BA,667,Alta Vacinação
VITORIA,ES,3397,Alta Vacinação
ITAMBE,PE,554,Alta Vacinação
CORNELIO PROCOPIO,PR,899,Alta Vacinação
PLANURA,MG,834,Alta Vacinação
BOM JESUS DO TOCANTINS,TO,4,Baixa Vacinação
FATIMA,BA,685,Alta Vacinação
IGUATU,PR,20,Baixa Vacinação
TRES PONTAS,MG,863,Alta Vacinação
AUGUSTO PESTANA,RS,1,Baixa Vacinação
ITAPORANGA,SP,11038,Alta Vacinação
PINHEIRINHO DO VALE,RS,8,Baixa Vacinação
TUCANO,BA,2038,Alta Vacinação
PANORAMA,SP,9415,Alta Vacinação
PENALVA,MA,696,Alta Vacinação
SAO BENEDITO,CE,1155,Alta Vacinação
PARAMIRIM,BA,992,Alta Vacinação
ITAPUI,SP,7264,Alta Vacinação
VALE REAL,RS,16,Baixa Vacinação
CHIADOR,MG,12,Baixa Vacinação
CADAO,None,1,Baixa Vacinação
ALTO RIO NOVO,ES,11,Baixa Vacinação
VIRADOURO,SP,12870,Alta Vacinação
AGUA LIMPA,GO,4,Baixa Vacinação
CAPAO DO LEAO,RS,19,Baixa Vacinação
JABORA,SC,12,Baixa Vacinação
RIO VERMELHO,MG,817,Alta Vacinação
PATO BRAGADO,PR,16,Baixa Vacinação
MAXIMILIANO DE ALMEIDA,RS,3,Baixa Vacinação
ITAJUBA,MG,4520,Alta Vacinação
BUGRE,MG,23,Baixa Vacinação
SAO DOMINGOS,GO,22,Baixa Vacinação
DESCALVADO,SP,21737,Alta Vacinação
IRAPUA,SP,5755,Alta Vacinação
VARZEA DA ROCA,BA,587,Alta Vacinação
GANDU,BA,762,Alta Vacinação
ERVAL VELHO,SC,4,Baixa Vacinação
ARROIO DO TIGRE,RS,4,Baixa Vacinação
IBIMIRIM,PE,936,Alta Vacinação
CANDIDO MOTA,SP,19052,Alta Vacinação
PLANALTO DA SERRA,MT,16,Baixa Vacinação
PRESIDENTE BERNARDES,SP,7982,Alta Vacinação
ARMAZEM,SC,8,Baixa Vacinação
ONCA DE PITANGUI,MG,8,Baixa Vacinação
SAO JOSE DE PIRANHAS,PB,541,Alta Vacinação
SANTA BRANCA,SP,8960,Alta Vacinação
GOIANA,PE,534,Alta Vacinação
VISTA ALEGRE,RS,5,Baixa Vacinação
SANTO ANTONIO DOS MILAGRES,PI,14,Baixa Vacinação
CAMPOS DO JORDAO,SP,30307,Alta Vacinação
ALVARES MACHADO,SP,16554,Alta Vacinação
BERTIOGA,SP,31115,Alta Vacinação
CACHOEIRA DA PRATA,MG,9,Baixa Vacinação
CAETANOS,BA,580,Alta Vacinação
AMETISTA DO SUL,RS,9,Baixa Vacinação
GOVERNADOR MANGABEIRA,BA,615,Alta Vacinação
SANTA ADELIA,SP,9145,Alta Vacinação
CASSERENGUE,PB,529,Alta Vacinação
ERVAL GRANDE,RS,19,Baixa Vacinação
TUPA,SP,42018,Alta Vacinação
BAYEUX,PB,632,Alta Vacinação
CAMPINAS,SP,754323,Alta Vacinação
ABREU E LIMA,PE,684,Alta Vacinação
VILA BOA,GO,12,Baixa Vacinação
PORTO RICO DO MARANHAO,MA,13,Baixa Vacinação
SUMARE - SP,None,1,Baixa Vacinação
JACOBINA,BA,1908,Alta Vacinação
ALVORADA DE MINAS,MG,1,Baixa Vacinação
GUARAREMA,SP,25843,Alta Vacinação
BETIM,MG,2504,Alta Vacinação
ITUBERA,BA,631,Alta Vacinação
CHUI,RS,17,Baixa Vacinação
EXU,PE,526,Alta Vacinação
PROFESSOR ANTONIO DE QUEIROZ,"",1,Baixa Vacinação
GUARINOS,GO,1,Baixa Vacinação
RIO VERDE,GO,1736,Alta Vacinação
MIRA ESTRELA,SP,2510,Alta Vacinação
ITATINGA,SP,14203,Alta Vacinação
IBIRAPUITA,RS,3,Baixa Vacinação
RIBEIRAO DO SUL,SP,2979,Alta Vacinação
NOVO HORIZONTE,BA,555,Alta Vacinação
CABACEIRAS,PB,20,Baixa Vacinação
SUL BRASIL,SC,5,Baixa Vacinação
NOVO CABRAIS,RS,2,Baixa Vacinação
MONTE SANTO DO TOCANTINS,TO,4,Baixa Vacinação
VOLTA GRANDE,MG,22,Baixa Vacinação
SANTA CRUZ DO RIO PARDO,SP,30760,Alta Vacinação
RODRIGUES ALVES,AC,5,Baixa Vacinação
CAICARA,RS,10,Baixa Vacinação
GUARATINGUETA,SP,74753,Alta Vacinação
DRACENA,SP,26778,Alta Vacinação
CHUVISCA,RS,1,Baixa Vacinação
BELLA VISTA,None,1,Baixa Vacinação
LARANJAL,MG,11,Baixa Vacinação
ARAPONGAS,PR,1385,Alta Vacinação
AGUAS LINDAS DE GOIAS,GO,582,Alta Vacinação
CORUMBA,MS,718,Alta Vacinação
MOGI DAS CRUZES - SP,"",3,Baixa Vacinação
PONTALINDA,SP,2996,Alta Vacinação
ITUMBIARA,GO,1142,Alta Vacinação
TAVARES,RS,12,Baixa Vacinação
TUNAPOLIS,SC,19,Baixa Vacinação
ARAMINA,SP,3934,Alta Vacinação
MELGACO,PA,18,Baixa Vacinação
GRAVATAI,RS,692,Alta Vacinação
QUIXERAMOBIM,CE,649,Alta Vacinação
BROTAS DE MACAUBAS,BA,1152,Alta Vacinação
SENADOR RUI PALMEIRA,AL,603,Alta Vacinação
TANABI,SP,18355,Alta Vacinação
CAPIVARI DO SUL,RS,7,Baixa Vacinação
CAMBARA DO SUL,RS,14,Baixa Vacinação
CACHOEIRO DE ITAPEMIRIM,ES,556,Alta Vacinação
CEDRAL,SP,7317,Alta Vacinação
CARIRIACU,CE,560,Alta Vacinação
MATO LEITAO,RS,2,Baixa Vacinação
NOVA IGUACU,RJ,2350,Alta Vacinação
NOVA ITABERABA,SC,15,Baixa Vacinação
INDIAVAI,MT,18,Baixa Vacinação
MOCAJUBA,PA,25,Baixa Vacinação
SILVEIRA MARTINS,RS,3,Baixa Vacinação
QUIRINOPOLIS,GO,528,Alta Vacinação
CAMACAN,BA,572,Alta Vacinação
SAO JOSE DO SABUGI,PB,18,Baixa Vacinação
CACEQUI,RS,15,Baixa Vacinação
ZACARIAS,SP,1786,Alta Vacinação
PALHOCA,SC,1219,Alta Vacinação
UIRAMUTA,RR,3,Baixa Vacinação
RANCHARIA,SP,20388,Alta Vacinação
SAO PAULO,"",1,Baixa Vacinação
CORDEIROPOLIS,SP,16960,Alta Vacinação
COXILHA,RS,5,Baixa Vacinação
LAGOA GRANDE,MG,25,Baixa Vacinação
SAPUCAIA,PA,10,Baixa Vacinação
SAO VENDELINO,RS,2,Baixa Vacinação
NOVA ESPERANCA DO SUL,RS,8,Baixa Vacinação
SANTA LUZIA,MG,605,Alta Vacinação
PARICONHA,AL,501,Alta Vacinação
CUBATAO,SP,74035,Alta Vacinação
COTIA,SP,144902,Alta Vacinação
URUPES,SP,9292,Alta Vacinação
FERNANDO PRESTES,SP,4923,Alta Vacinação
INHANGAPI,PA,17,Baixa Vacinação
HEITORAI,GO,5,Baixa Vacinação
INDEPENDENCIA,CE,548,Alta Vacinação
RIO RUFINO,SC,3,Baixa Vacinação
ADRIANOPOLIS,PR,584,Alta Vacinação
IGARAPAVA,SP,15123,Alta Vacinação
PATO BRANCO,PR,609,Alta Vacinação
PANTANO GRANDE,RS,2,Baixa Vacinação
CERRO GRANDE,RS,9,Baixa Vacinação
BRAZABRANTES,GO,12,Baixa Vacinação
BRASILANDIA,MS,609,Alta Vacinação
NINHEIRA,MG,734,Alta Vacinação
CEZARINA,GO,24,Baixa Vacinação
ITAIBA,PE,1093,Alta Vacinação
SANTALUZ,BA,1365,Alta Vacinação
FLOR DA SERRA DO SUL,PR,19,Baixa Vacinação
ESTRELA VELHA,RS,2,Baixa Vacinação
CRUZALIA,SP,1586,Alta Vacinação
TRES RANCHOS,GO,22,Baixa Vacinação
NOVO TIRADENTES,RS,4,Baixa Vacinação
TIMBE DO SUL,SC,13,Baixa Vacinação
SAO JOSE DA BELA VISTA,SP,5018,Alta Vacinação
SILVEIRAS,SP,3275,Alta Vacinação
MONGAGUA,SP,30990,Alta Vacinação
PRESIDENTE JANIO QUADROS,BA,1255,Alta Vacinação
IBITINGA,"",1,Baixa Vacinação
ACARAU,CE,628,Alta Vacinação
SERRA DO RAMALHO,BA,914,Alta Vacinação
BARRA DE SAO MIGUEL,PB,22,Baixa Vacinação
LEOPOLDO DE BULHOES,GO,20,Baixa Vacinação
UBA,MG,610,Alta Vacinação
JUQUITIBA,SP,18329,Alta Vacinação
ITATIBA,SP,68620,Alta Vacinação
POUSO ALEGRE,MG,7762,Alta Vacinação
PARANAPANEMA,SP,12779,Alta Vacinação
ITAUBAL,AP,9,Baixa Vacinação
FILADELFIA,BA,500,Alta Vacinação
APARECIDA D'OESTE,SP,4131,Alta Vacinação
PORTO ACRE,AC,15,Baixa Vacinação
FLORES DE GOIAS,GO,15,Baixa Vacinação
MATA,RS,8,Baixa Vacinação
JURUA,AM,2,Baixa Vacinação
CASCAVEL,PR,3796,Alta Vacinação
PEQUERI,MG,7,Baixa Vacinação
ESTRELA DE ALAGOAS,AL,1177,Alta Vacinação
CIUDAD DEL ESTE,"",2,Baixa Vacinação
CRIXAS DO TOCANTINS,TO,5,Baixa Vacinação
CRUZ DAS ALMAS,BA,915,Alta Vacinação
MAUA - SP,"",1,Baixa Vacinação
VALENTIM GENTIL,SP,9097,Alta Vacinação
CRISTAIS PAULISTA,SP,6752,Alta Vacinação
APARECIDA DO RIO DOCE,GO,23,Baixa Vacinação
MARILIA,SP,147062,Alta Vacinação
DOM FELICIANO,RS,5,Baixa Vacinação
PROMISSAO,SP,27601,Alta Vacinação
ECHAPORA,SP,3988,Alta Vacinação
IMBUIA,SC,24,Baixa Vacinação
CAPARAO,MG,20,Baixa Vacinação
CARACOL,MS,23,Baixa Vacinação
SALTINHO,SC,2,Baixa Vacinação
PARARI,PB,10,Baixa Vacinação
HUMAITA,RS,5,Baixa Vacinação
PALMEIRA DOS INDIOS,AL,2470,Alta Vacinação
GARRUCHOS,RS,2,Baixa Vacinação
FORMOSO,MG,5,Baixa Vacinação
TUPANCI DO SUL,RS,5,Baixa Vacinação
SAUDADES,SC,18,Baixa Vacinação
PLACIDO DE CASTRO,AC,25,Baixa Vacinação
MONCOES,SP,1980,Alta Vacinação
MACATUBA,SP,10739,Alta Vacinação
PEDREIRA,SP,28694,Alta Vacinação
ARARA,PB,1120,Alta Vacinação
IPIGUA,SP,4674,Alta Vacinação
DIVINOLANDIA,SP,7877,Alta Vacinação
ITUETA,MG,5,Baixa Vacinação
MANOEL URBANO,AC,4,Baixa Vacinação
ORIENTE,SP,4378,Alta Vacinação
CENTENARIO,TO,3,Baixa Vacinação
FERNANDO PEDROZA,RN,6,Baixa Vacinação
MULUNGU,CE,20,Baixa Vacinação
PIRAQUE,TO,4,Baixa Vacinação
MUCAMBO,CE,853,Alta Vacinação
CUNHA PORA,SC,22,Baixa Vacinação
UBAITABA,BA,966,Alta Vacinação
EUGENIO DE CASTRO,RS,9,Baixa Vacinação
RIVERSUL,SP,4618,Alta Vacinação
Centro,SP,23,Baixa Vacinação
SANTANA DO DESERTO,MG,10,Baixa Vacinação
ARACU,GO,20,Baixa Vacinação
VILA NOVA DOS MARTIRIOS,MA,23,Baixa Vacinação
PANAMA,GO,5,Baixa Vacinação
BOM SUCESSO DO SUL,PR,13,Baixa Vacinação
UMUARAMA,PR,1188,Alta Vacinação
JUSSARA,BA,507,Alta Vacinação
JAGUARARI,BA,885,Alta Vacinação
SERRA REDONDA,PB,18,Baixa Vacinação
IGARASSU,PE,743,Alta Vacinação
HONORIO SERPA,PR,8,Baixa Vacinação
CAREIRO,AM,23,Baixa Vacinação
DORES DO RIO PRETO,ES,25,Baixa Vacinação
SANDOVALINA,SP,2934,Alta Vacinação
PASSABEM,MG,13,Baixa Vacinação
SAO FELIX DE MINAS,MG,24,Baixa Vacinação
COARACI,BA,1209,Alta Vacinação
CAMPO LIMPO PAULISTA,SP,50976,Alta Vacinação
PRESIDENTE DUTRA,BA,564,Alta Vacinação
GUARAMIRANGA,CE,9,Baixa Vacinação
CAMACHO,MG,23,Baixa Vacinação
SANTA ELENA,None,3,Baixa Vacinação
DOUTOR RICARDO,RS,7,Baixa Vacinação
UCHOA,SP,6808,Alta Vacinação
UBIRETAMA,RS,4,Baixa Vacinação
ADOLFO,SP,3968,Alta Vacinação
PAIM FILHO,RS,8,Baixa Vacinação
ESPERANCA DO SUL,RS,5,Baixa Vacinação
MINISTRO ANDREAZZA,RO,25,Baixa Vacinação
MOSSORO,RN,1126,Alta Vacinação
COSMORAMA,SP,5971,Alta Vacinação
JAGUARIBE,CE,1141,Alta Vacinação
PALMEIRA,SC,1,Baixa Vacinação
SALTO DEL GUAIRA/PY,None,1,Baixa Vacinação
TALISMA,TO,22,Baixa Vacinação
MEDINA,MG,632,Alta Vacinação
BERURI,AM,6,Baixa Vacinação
BARRETOS,"",1,Baixa Vacinação
SAO BERNARDO DO CAMPO - SP,"",2,Baixa Vacinação
JULIO MESQUITA,SP,2675,Alta Vacinação
ACOPIARA,CE,1215,Alta Vacinação
PEQUIZEIRO,TO,20,Baixa Vacinação
RESERVA DO CABACAL,MT,4,Baixa Vacinação
ALTO ALEGRE,SP,2554,Alta Vacinação
SAO SEBASTIAO DO RIO PRETO,MG,3,Baixa Vacinação
CANAPI,AL,916,Alta Vacinação
PATOS DE MINAS,MG,948,Alta Vacinação
RIO GRANDE,RS,685,Alta Vacinação
CATANDUVAS,SC,25,Baixa Vacinação
CARAGUATATUBA,None,1,Baixa Vacinação
SUME,PB,891,Alta Vacinação
CAPIXABA,AC,22,Baixa Vacinação
BOM JESUS DO ARAGUAIA,MT,19,Baixa Vacinação
PORTO WALTER,AC,5,Baixa Vacinação
VILA PROPICIO,GO,16,Baixa Vacinação
EUNAPOLIS,BA,2052,Alta Vacinação
MOJ MIRIM,"",2,Baixa Vacinação
SANTO ANTONIO DE POSSE,SP,13272,Alta Vacinação
JOAO ALFREDO,PE,1211,Alta Vacinação
VALPARAISO DE GOIAS,GO,592,Alta Vacinação
SAO DOMINGOS DO NORTE,ES,26,Baixa Vacinação
CLEMENTINA,SP,4761,Alta Vacinação
RIACHUELO,RN,14,Baixa Vacinação
PIRITIBA,BA,653,Alta Vacinação
OCAUCU,SP,3195,Alta Vacinação
OLHO D'AGUA DAS FLORES,AL,645,Alta Vacinação
TAQUARUCU DO SUL,RS,5,Baixa Vacinação
beira,None,1,Baixa Vacinação
CAUCAIA,CE,785,Alta Vacinação
TRAIRAO,PA,19,Baixa Vacinação
ALOANDIA,GO,1,Baixa Vacinação
JABORANDI,SP,4457,Alta Vacinação
BOM JESUS DA SERRA,BA,762,Alta Vacinação
EUCLIDES DA CUNHA PAULISTA,SP,5828,Alta Vacinação
boa vista,None,1,Baixa Vacinação
BARRA DO QUARAI,RS,2,Baixa Vacinação
PASSO FUNDO,RS,691,Alta Vacinação
MONTE MOR,SP,31835,Alta Vacinação
SALVADOR,BA,22863,Alta Vacinação
ESPERANTINA,PI,741,Alta Vacinação
GODOFREDO VIANA,MA,16,Baixa Vacinação
BODOCO,PE,617,Alta Vacinação
TURMALINA,SP,1471,Alta Vacinação
MONTEIRO LOBATO,SP,3103,Alta Vacinação
SERRA NEGRA,SP,15344,Alta Vacinação
DOUTOR MAURICIO CARDOSO,RS,3,Baixa Vacinação
SAO ROQUE,"",1,Baixa Vacinação
PONTES GESTAL,SP,1537,Alta Vacinação
RIBEIRAO DOS INDIOS,SP,1540,Alta Vacinação
PALMACIA,CE,16,Baixa Vacinação
PROFESSOR JAMIL,GO,7,Baixa Vacinação
FAZENDA VILANOVA,RS,5,Baixa Vacinação
RECURSOLANDIA,TO,3,Baixa Vacinação
POUSO NOVO,RS,7,Baixa Vacinação
PICADA CAFE,RS,7,Baixa Vacinação
POCOS DE CALDAS,MG,8046,Alta Vacinação
IGARACU DO TIETE,SP,25973,Alta Vacinação
JUNDIA,RN,26,Baixa Vacinação
LENCOIS PAULISTA,SP,35547,Alta Vacinação
PORTO LUCENA,RS,5,Baixa Vacinação
BELA VISTA DE MINAS,MG,22,Baixa Vacinação
BOA VISTA DO INCRA,RS,3,Baixa Vacinação
PINHAL,RS,8,Baixa Vacinação
PIRACICABA,SP,242329,Alta Vacinação
MANAUS,AM,9836,Alta Vacinação
SANTA CRUZ DO XINGU,MT,15,Baixa Vacinação
ESTACAO,RS,11,Baixa Vacinação
BIRITIBA-MIRIM,SP,18734,Alta Vacinação
ANDRE DA ROCHA,RS,3,Baixa Vacinação
ESPLANADA,BA,714,Alta Vacinação
SAO JOAO DO MANTENINHA,MG,20,Baixa Vacinação
PLATINA,SP,2082,Alta Vacinação
LABREA,AM,18,Baixa Vacinação
RIOZINHO,RS,9,Baixa Vacinação
HULHA NEGRA,RS,4,Baixa Vacinação
QUITERIANOPOLIS,CE,516,Alta Vacinação
SENADOR SALGADO FILHO,RS,1,Baixa Vacinação
GOVERNADOR LINDENBERG,ES,26,Baixa Vacinação
ALTO PARAGUAI,MT,14,Baixa Vacinação
SAO JOSE DO CERRITO,SC,8,Baixa Vacinação
PORTO MAUA,RS,1,Baixa Vacinação
CORONEL DOMINGOS SOARES,PR,13,Baixa Vacinação
ASSIS BRASIL,AC,12,Baixa Vacinação
QUELUZ,SP,5228,Alta Vacinação
ALVARO DE CARVALHO,SP,3282,Alta Vacinação
SANTANA DE PIRAPAMA,MG,23,Baixa Vacinação
PONTE ALTA,SC,9,Baixa Vacinação
AGUA BRANCA,PB,615,Alta Vacinação
ANAMA,AM,6,Baixa Vacinação
SEBASTIAO LEAL,PI,14,Baixa Vacinação
BOA VISTA DO RAMOS,AM,7,Baixa Vacinação
SAO SEBASTIAO DA BOA VISTA,PA,16,Baixa Vacinação
LAJES,RN,17,Baixa Vacinação
MAIRINQUE,SP,29895,Alta Vacinação
COLINAS,RS,4,Baixa Vacinação
SANTA CRUZ CABRALIA,BA,511,Alta Vacinação
BEZERROS,PE,550,Alta Vacinação
MARA ROSA,GO,26,Baixa Vacinação
SAO FRANCISCO,MG,1025,Alta Vacinação
BENTO DE ABREU,SP,1784,Alta Vacinação
SAO GONCALO DO AMARANTE,RN,519,Alta Vacinação
FORTALEZA DO TABOCAO,TO,15,Baixa Vacinação
NOVO PLANALTO,GO,10,Baixa Vacinação
CICERO DANTAS,BA,1103,Alta Vacinação
IVORA,RS,4,Baixa Vacinação
JAPURA,AM,4,Baixa Vacinação
RONDINHA,RS,21,Baixa Vacinação
CRISTAL DO SUL,RS,8,Baixa Vacinação
SAO JOSE DAS PALMEIRAS,PR,20,Baixa Vacinação
ITAPOLIS,SP,23086,Alta Vacinação
RIO DA CONCEICAO,TO,2,Baixa Vacinação
PARNAIBA,PI,1031,Alta Vacinação
PRAIA GRANDE,SP,147440,Alta Vacinação
TEIXEIROPOLIS,RO,12,Baixa Vacinação
COQUEIRO BAIXO,RS,2,Baixa Vacinação
DIAS D'AVILA,BA,1696,Alta Vacinação
VISTA ALEGRE DO ALTO,SP,5153,Alta Vacinação
VARJAO,GO,8,Baixa Vacinação
GUARA,SP,11944,Alta Vacinação
PRIMAVERA DO LESTE,MT,535,Alta Vacinação
LUZIANIA,GO,863,Alta Vacinação
RIACHINHO,MG,14,Baixa Vacinação
NOVA ALIANCA DO IVAI,PR,7,Baixa Vacinação
CORDEIROS,BA,844,Alta Vacinação
GAVIAO PEIXOTO,SP,3424,Alta Vacinação
MAJOR GERCINO,SC,14,Baixa Vacinação
SANTO ANTONIO DO ICA,AM,11,Baixa Vacinação
MOSSAMEDES,GO,13,Baixa Vacinação
BARRA DO MENDES,BA,868,Alta Vacinação
ACRELANDIA,None,1,Baixa Vacinação
MARIOPOLIS,PR,21,Baixa Vacinação
TIMON,MA,963,Alta Vacinação
ALVORADA DO NORTE,GO,21,Baixa Vacinação
RIO AZUL,PR,17,Baixa Vacinação
PIRAPOZINHO,SP,18163,Alta Vacinação
OLIVEIRA DE FATIMA,TO,6,Baixa Vacinação
DAMIANOPOLIS,GO,2,Baixa Vacinação
JUPIA,SC,9,Baixa Vacinação
SETE BARRAS,SP,8171,Alta Vacinação
BARREIRAS,BA,923,Alta Vacinação
ESTRELA DO NORTE,GO,2,Baixa Vacinação
DOM MACEDO COSTA,BA,24,Baixa Vacinação
SERRA ALTA,SC,7,Baixa Vacinação
PALMARES PAULISTA,SP,6031,Alta Vacinação
ITAPEVA,MG,911,Alta Vacinação
CACULE,BA,783,Alta Vacinação
SATIRO DIAS,BA,676,Alta Vacinação
JACAREZINHO,PR,1649,Alta Vacinação
BARAO DE MELGACO,MT,11,Baixa Vacinação
BONOPOLIS,GO,7,Baixa Vacinação
SANTA CLARA D'OESTE,SP,2171,Alta Vacinação
JANDIRA,SP,64207,Alta Vacinação
CAMBARA,PR,772,Alta Vacinação
MANOEL VIANA,RS,5,Baixa Vacinação
ITUVERAVA,SP,26085,Alta Vacinação
SERRANA,SP,21087,Alta Vacinação
CANUTAMA,AM,3,Baixa Vacinação
DUARTINA,SP,10724,Alta Vacinação
ALTINOPOLIS,SP,12963,Alta Vacinação
CAMPOS SALES,CE,716,Alta Vacinação
SANTA ROSA DA SERRA,MG,20,Baixa Vacinação
BARRA FUNDA,RS,2,Baixa Vacinação
NOVA ALVORADA,RS,3,Baixa Vacinação
RIO ESPERA,MG,17,Baixa Vacinação
SAO JOSE DO BARREIRO,SP,2405,Alta Vacinação
PINTO BANDEIRA,RS,3,Baixa Vacinação
GUARAPUAVA,PR,720,Alta Vacinação
REGENTE FEIJO,SP,14438,Alta Vacinação
CAMPINA DAS MISSOES,RS,5,Baixa Vacinação
DOM JOAQUIM,MG,13,Baixa Vacinação
LINDOIA,SP,3618,Alta Vacinação
RIO GRANDE DA SERRA,SP,23957,Alta Vacinação
CRISOPOLIS,BA,1351,Alta Vacinação
PINHEIRO MACHADO,RS,18,Baixa Vacinação
LIZARDA,TO,3,Baixa Vacinação
ARAGUARI,MG,763,Alta Vacinação
CAMPO BELO,MG,799,Alta Vacinação
HERCULANDIA,SP,6482,Alta Vacinação
CACOAL,RO,521,Alta Vacinação
BRODOWSKI,SP,13815,Alta Vacinação
CHAPADAO DO SUL,MS,1041,Alta Vacinação
RIBEIRAO PIRES,SP,77403,Alta Vacinação
SAO MANUEL,SP,25616,Alta Vacinação
SAO JOSE DO RIO PRETO,SP,260174,Alta Vacinação
SAO PAULO,SP,8010892,Alta Vacinação
MARQUINHO,PR,3,Baixa Vacinação
SANTO ANASTACIO,SP,12317,Alta Vacinação
IBIRAREMA,SP,3323,Alta Vacinação
SAO JOSE DOS AUSENTES,RS,21,Baixa Vacinação
CORONEL BICACO,RS,10,Baixa Vacinação
OSVALDO CRUZ,SP,18871,Alta Vacinação
RIO DE CONTAS,BA,660,Alta Vacinação
NOVA ROSALANDIA,TO,16,Baixa Vacinação
APARECIDA DE GOIANIA,GO,2067,Alta Vacinação
CAMPESTRE DE GOIAS,GO,11,Baixa Vacinação
RIACHAO DO BACAMARTE,PB,13,Baixa Vacinação
BOM PRINCIPIO,RS,17,Baixa Vacinação
TORRE DE PEDRA,SP,2181,Alta Vacinação
CASSIA DOS COQUEIROS,SP,2240,Alta Vacinação
URUANA DE MINAS,MG,18,Baixa Vacinação
FRANCO DA ROCHA,None,2,Baixa Vacinação
COSMOPOLIS,SP,35841,Alta Vacinação
GASTAO VIDIGAL,SP,2799,Alta Vacinação
CARRASCO BONITO,TO,25,Baixa Vacinação
JEQUIE,BA,4174,Alta Vacinação
MOJ MIRIM,None,1,Baixa Vacinação
VARGEAO,SC,1,Baixa Vacinação
BOITUVA,SP,31164,Alta Vacinação
PIRANGI,SP,6743,Alta Vacinação
SERTAO,RS,9,Baixa Vacinação
SAO FRANCISCO DE ASSIS,RS,8,Baixa Vacinação
TUNAS,RS,2,Baixa Vacinação
CUBATAO - SP,"",2,Baixa Vacinação
SANTA TEREZINHA DO PROGRESSO,SC,13,Baixa Vacinação
MACARANI,BA,611,Alta Vacinação
AGUDO,RS,18,Baixa Vacinação
ARAXA,MG,1014,Alta Vacinação
MATO CASTELHANO,RS,1,Baixa Vacinação
IRAPURU,SP,4390,Alta Vacinação
JEREMOABO,BA,1166,Alta Vacinação
BOM PROGRESSO,RS,4,Baixa Vacinação
ENTRE-IJUIS,RS,5,Baixa Vacinação
NITEROI,RJ,3665,Alta Vacinação
JULIO DE CASTILHOS,RS,24,Baixa Vacinação
SAMBAIBA,MA,6,Baixa Vacinação
SERRA DO NAVIO,AP,5,Baixa Vacinação
NOVA EUROPA,SP,6552,Alta Vacinação
BORDA DA MATA,MG,564,Alta Vacinação
FREI ROGERIO,SC,3,Baixa Vacinação
PIUM,TO,24,Baixa Vacinação
AGUAS VERMELHAS,MG,520,Alta Vacinação
JARDIM DE ANGICOS,RN,3,Baixa Vacinação
IPUA,SP,10925,Alta Vacinação
PETROLINA,PE,2645,Alta Vacinação
PIRAQUARA,PR,618,Alta Vacinação
PONTA DE PEDRAS,PA,19,Baixa Vacinação
SERRA,ES,2535,Alta Vacinação
CARDOSO MOREIRA,RJ,25,Baixa Vacinação
GUZOLANDIA,SP,2557,Alta Vacinação
SENHORA DO PORTO,MG,4,Baixa Vacinação
CAMPINA DO MONTE ALEGRE,SP,4170,Alta Vacinação
COLARES,PA,25,Baixa Vacinação
TANGARA DA SERRA,MT,833,Alta Vacinação
MOGI DAS CRUZES,SP,315531,Alta Vacinação
CERQUILHO,SP,33193,Alta Vacinação
ARAPUA,MG,8,Baixa Vacinação
AVANHANDAVA,SP,6310,Alta Vacinação
SAO JOSE DO BREJO DO CRUZ,PB,2,Baixa Vacinação
FRANCA,None,1,Baixa Vacinação
CARNAIBA,PE,870,Alta Vacinação
MAGE,RJ,679,Alta Vacinação
IPIRANGA,PR,24,Baixa Vacinação
OLIVEDOS,PB,22,Baixa Vacinação
ITAVERAVA,MG,26,Baixa Vacinação
MONTE BELO DO SUL,RS,2,Baixa Vacinação
MULUNGU,PB,15,Baixa Vacinação
TRES FORQUILHAS,RS,3,Baixa Vacinação
GRAVATAL,SC,22,Baixa Vacinação
TRABIJU,SP,1465,Alta Vacinação
ILHEUS,BA,4558,Alta Vacinação
BELMONTE,SC,16,Baixa Vacinação
NAVIRAI,MS,573,Alta Vacinação
INDIANA,SP,3562,Alta Vacinação
AFOGADOS DA INGAZEIRA,PE,1346,Alta Vacinação
BILAC,SP,4473,Alta Vacinação
PINDAMONHANGABA SP,None,1,Baixa Vacinação
NOVA CAMPINA,SP,7508,Alta Vacinação
SOUSA,PB,1293,Alta Vacinação
BOM JESUS DO AMPARO,MG,4,Baixa Vacinação
SANTO AFONSO,MT,8,Baixa Vacinação
MONTE ALTO,SP,28558,Alta Vacinação
FRANCO DA ROCHA,SP,109113,Alta Vacinação
SANTA LUCIA,SP,5410,Alta Vacinação
PIRATININGA,SP,11219,Alta Vacinação
FORMOSO,GO,22,Baixa Vacinação
SANTANA DO CARIRI,CE,556,Alta Vacinação
BOM RETIRO,SC,12,Baixa Vacinação
ARACITABA,MG,22,Baixa Vacinação
DOURADOS,MS,2571,Alta Vacinação
MACHADO,MG,605,Alta Vacinação
FARTURA,SP,11960,Alta Vacinação
CAMBORIU,SC,810,Alta Vacinação
PANCAS,ES,21,Baixa Vacinação
AGUIARNOPOLIS,TO,19,Baixa Vacinação
ILOPOLIS,RS,10,Baixa Vacinação
PRESIDENTE PRUDENTE,SP,130348,Alta Vacinação
CAPAO ALTO,SC,2,Baixa Vacinação
NOVA BASSANO,RS,25,Baixa Vacinação
SAO BENTO DO SAPUCAI,SP,7821,Alta Vacinação
ARAL MOREIRA,MS,22,Baixa Vacinação
SANTA TEREZINHA DO TOCANTINS,TO,10,Baixa Vacinação
CONDEUBA,BA,1504,Alta Vacinação
ENTRE RIOS DO SUL,RS,4,Baixa Vacinação
PAULO FRONTIN,PR,26,Baixa Vacinação
TRAJANO DE MORAES,RJ,13,Baixa Vacinação
MARAA,AM,4,Baixa Vacinação
ITAMOGI,MG,632,Alta Vacinação
SAO VALERIO DO SUL,RS,3,Baixa Vacinação
PIACATU,SP,3070,Alta Vacinação
SAO MARTINHO,SC,5,Baixa Vacinação
SENADOR GEORGINO AVELINO,RN,17,Baixa Vacinação
COITE DO NOIA,AL,508,Alta Vacinação
PONTA PORA,MS,1228,Alta Vacinação
SANTO ANTONIO DO PALMA,RS,1,Baixa Vacinação
BARAO DE ANTONINA,SP,2918,Alta Vacinação
BOREBI,SP,1512,Alta Vacinação
SANTA FE DO SUL,SP,19486,Alta Vacinação
NOSSA SENHORA DO SOCORRO,SE,978,Alta Vacinação
RIO CRESPO,RO,16,Baixa Vacinação
PASSO DO SOBRADO,RS,2,Baixa Vacinação
IBIRA,SP,9783,Alta Vacinação
SAO PEDRO DA CIPA,MT,12,Baixa Vacinação
XAPURI,AC,14,Baixa Vacinação
IBITITA,BA,650,Alta Vacinação
ARAGUAINHA,MT,2,Baixa Vacinação
MOGI DAS CRUZES - SP,None,1,Baixa Vacinação
SANTA FE DE MINAS,MG,10,Baixa Vacinação
SANTA TEREZINHA,SC,6,Baixa Vacinação
BELO VALE,MG,24,Baixa Vacinação
SANTA TEREZA,RS,4,Baixa Vacinação
CAMARGO,RS,1,Baixa Vacinação
TAMBAU,SP,14788,Alta Vacinação
SERRA TALHADA,PE,1342,Alta Vacinação
PAULISTANA,PI,859,Alta Vacinação
FAINA,GO,6,Baixa Vacinação
UAUA,BA,1500,Alta Vacinação
COLINAS DO SUL,GO,4,Baixa Vacinação
MONTE AZUL PAULISTA,SP,12664,Alta Vacinação
PIRACURUCA,PI,766,Alta Vacinação
LIBERATO SALZANO,RS,12,Baixa Vacinação
TREMEDAL,BA,1583,Alta Vacinação
JACINTO MACHADO,SC,18,Baixa Vacinação
MONTES ALTOS,MA,23,Baixa Vacinação
GRAMADO DOS LOUREIROS,RS,3,Baixa Vacinação
OSCAR BRESSANE,SP,2045,Alta Vacinação
SANTA RITA DO TRIVELATO,MT,12,Baixa Vacinação
INHAMBUPE,BA,1123,Alta Vacinação
LAVRAS DA MANGABEIRA,CE,1024,Alta Vacinação
PESCARIA BRAVA,SC,23,Baixa Vacinação
ITABERABA,BA,1778,Alta Vacinação
SAO JOAO DO PARAISO,MA,12,Baixa Vacinação
NOVO CRUZEIRO,MG,1618,Alta Vacinação
TUPIRATINS,TO,6,Baixa Vacinação
SANTA CRUZ DE GOIAS,GO,9,Baixa Vacinação
ARAGUAINA,TO,758,Alta Vacinação
CAMACARI,BA,3650,Alta Vacinação
QUADRA,SP,2867,Alta Vacinação
BURITIRAMA,BA,905,Alta Vacinação
AGUAS MORNAS,SC,12,Baixa Vacinação
SAO PEDRO DO IGUACU,PR,22,Baixa Vacinação
ARACAJU,SE,5278,Alta Vacinação
MAGALHAES BARATA,PA,22,Baixa Vacinação
AREIAS,SP,2753,Alta Vacinação
TIMBAUBA DOS BATISTAS,RN,16,Baixa Vacinação
DELMIRO GOUVEIA,AL,1771,Alta Vacinação
APORA,BA,804,Alta Vacinação
TONANTINS,AM,7,Baixa Vacinação
LAGOA DOS PATOS,MG,21,Baixa Vacinação
ITATIBA DO SUL,RS,10,Baixa Vacinação
SAO MATEUS,ES,598,Alta Vacinação
SAO MIGUEL DA BOA VISTA,SC,9,Baixa Vacinação
OSASCO,SP,486330,Alta Vacinação
MARACAJA,SC,17,Baixa Vacinação
TOCANTINIA,TO,7,Baixa Vacinação
PINDAI,BA,550,Alta Vacinação
SAO BENTO DO TOCANTINS,TO,12,Baixa Vacinação
BARREIRINHA,AM,26,Baixa Vacinação
SANTA CRUZ DAS PALMEIRAS,SP,17992,Alta Vacinação
VARZEA GRANDE,MT,1205,Alta Vacinação
IBIRAPITANGA,BA,832,Alta Vacinação
SANTA ISABEL DO RIO NEGRO,AM,8,Baixa Vacinação
SAO SIMAO,SP,9603,Alta Vacinação
PASSA TEMPO,MG,20,Baixa Vacinação
FERREIRA GOMES,AP,12,Baixa Vacinação
MORRO REDONDO,RS,9,Baixa Vacinação
MORRINHOS DO SUL,RS,5,Baixa Vacinação
ATALAIA,AL,670,Alta Vacinação
MUTUNOPOLIS,GO,10,Baixa Vacinação
BARRA DO PIRAI,RJ,703,Alta Vacinação
SAO SALVADOR DO TOCANTINS,TO,1,Baixa Vacinação
EXTREMA,MG,5128,Alta Vacinação
NOVA LIMA,MG,595,Alta Vacinação
BENJAMIN CONSTANT,AM,19,Baixa Vacinação
NAZARE PAULISTA,SP,13321,Alta Vacinação
ARACATUBA,SP,112189,Alta Vacinação
EIRUNEPE,AM,15,Baixa Vacinação
ITATI,RS,2,Baixa Vacinação
CRUZEIRO,SP,50601,Alta Vacinação
FLORIANOPOLIS,SC,7935,Alta Vacinação
ITAGUAI,RJ,591,Alta Vacinação
CATENDE,PE,736,Alta Vacinação
MACEDONIA,SP,3259,Alta Vacinação
SILVES,AM,14,Baixa Vacinação
CORDILHEIRA ALTA,SC,6,Baixa Vacinação
VINHEDO,SP,46489,Alta Vacinação
PANELAS,PE,1223,Alta Vacinação
JACUPIRANGA,SP,10414,Alta Vacinação
JARDINOPOLIS,SC,5,Baixa Vacinação
ALTO ALEGRE,RR,7,Baixa Vacinação
NOVA COLINAS,MA,16,Baixa Vacinação
OBRERO,"",1,Baixa Vacinação
PARANA,TO,20,Baixa Vacinação
IATI,PE,728,Alta Vacinação
SAO SEBASTIAO DO PARAISO,MG,2859,Alta Vacinação
RECIFE,PE,12932,Alta Vacinação
JACARACI,BA,1105,Alta Vacinação
ROCHEDO DE MINAS,MG,11,Baixa Vacinação
Bengi,"",2,Baixa Vacinação
WENCESLAU GUIMARAES,BA,584,Alta Vacinação
IPEUNA,SP,2844,Alta Vacinação
UIRAPURU,GO,2,Baixa Vacinação
PAULICEIA,SP,5501,Alta Vacinação
SANTA MARIA DO TOCANTINS,TO,4,Baixa Vacinação
CAPIM BRANCO,MG,23,Baixa Vacinação
CUMARU DO NORTE,PA,7,Baixa Vacinação
NOVA BRASILANDIA,MT,15,Baixa Vacinação
IMIGRANTE,RS,7,Baixa Vacinação
ARAGUANA,TO,20,Baixa Vacinação
SALES OLIVEIRA,SP,8136,Alta Vacinação
RIO BRANCO,MT,18,Baixa Vacinação
SAPEACU,BA,533,Alta Vacinação
RIBEIRAO CORRENTE,SP,3802,Alta Vacinação
CAIBI,SC,21,Baixa Vacinação
VIRMOND,PR,14,Baixa Vacinação
ITAPETINGA,BA,1611,Alta Vacinação
LAGAMAR,MG,20,Baixa Vacinação
JUNDIAI,SP,299561,Alta Vacinação
ARACRUZ,ES,688,Alta Vacinação
TERRA ROXA - SP,None,1,Baixa Vacinação
CURRAIS,PI,14,Baixa Vacinação
GUARANI DAS MISSOES,RS,19,Baixa Vacinação
FERNAO,SP,2101,Alta Vacinação
APUCARANA,PR,1159,Alta Vacinação
PALMELO,GO,14,Baixa Vacinação
CALDAZINHA,GO,4,Baixa Vacinação
CATAS ALTAS DA NORUEGA,MG,7,Baixa Vacinação
LARANJAL PAULISTA,SP,16552,Alta Vacinação
QUARTEL GERAL,MG,7,Baixa Vacinação
BETANIA,PE,601,Alta Vacinação
CENTRO,None,2,Baixa Vacinação
CORONEL FABRICIANO,MG,645,Alta Vacinação
PALESTINA,SP,7294,Alta Vacinação
QUINTANA,SP,5440,Alta Vacinação
VALINHOS,SP,66926,Alta Vacinação
BREJO ALEGRE,SP,2083,Alta Vacinação
MUCAJAI,RR,19,Baixa Vacinação
TAQUARAL,SP,1959,Alta Vacinação
ITORORO,BA,910,Alta Vacinação
PONTE SERRADA,SC,16,Baixa Vacinação
UNIAO DO SUL,MT,18,Baixa Vacinação
MURIAE,MG,508,Alta Vacinação
OLINDA,PE,2306,Alta Vacinação
URU,SP,951,Alta Vacinação
PEDREGULHO,SP,12810,Alta Vacinação
BARRA BONITA,SP,24281,Alta Vacinação
beira,"",2,Baixa Vacinação
LAGOA SANTA,MG,520,Alta Vacinação
OLIMPIA,SP,31812,Alta Vacinação
LUIS EDUARDO MAGALHAES,BA,856,Alta Vacinação
CANTA,RR,12,Baixa Vacinação
BREJETUBA,ES,23,Baixa Vacinação
ARIQUEMES,RO,665,Alta Vacinação
ITOBI,SP,3971,Alta Vacinação
CHAVES,PA,12,Baixa Vacinação
TABAI,RS,3,Baixa Vacinação
BALNEARIO CAMBORIU,SC,1859,Alta Vacinação
VALE DO SOL,RS,8,Baixa Vacinação
URUCUCA,BA,648,Alta Vacinação
CARMO DO RIO CLARO,MG,545,Alta Vacinação
PIRANHAS,AL,628,Alta Vacinação
MAUA,SP,284737,Alta Vacinação
TANQUE NOVO,BA,570,Alta Vacinação
SOCORRO,SP,24963,Alta Vacinação
PALMEIRA D'OESTE,SP,7340,Alta Vacinação
CALDAS NOVAS,GO,1765,Alta Vacinação
QUILOMBO,SC,17,Baixa Vacinação
IPUEIRAS,CE,1224,Alta Vacinação
RESTINGA SECA,RS,11,Baixa Vacinação
TIRADENTES DO SUL,RS,2,Baixa Vacinação
IRECE,BA,1389,Alta Vacinação
PROTASIO ALVES,RS,3,Baixa Vacinação
QUINZE DE NOVEMBRO,RS,5,Baixa Vacinação
MAREMA,SC,2,Baixa Vacinação
SIMOLANDIA,GO,7,Baixa Vacinação
PRADOPOLIS,SP,11186,Alta Vacinação
FRANCA,SP,185008,Alta Vacinação
RIACHO DA CRUZ,RN,24,Baixa Vacinação
ROSEIRA,SP,7699,Alta Vacinação
JAMBEIRO,SP,3544,Alta Vacinação
VARZEA ALEGRE,CE,1024,Alta Vacinação
BARRA DO CHOCA,BA,1561,Alta Vacinação
SAO VALENTIM,RS,6,Baixa Vacinação
VARGEM GRANDE DO SUL,SP,25333,Alta Vacinação
PEIXE-BOI,PA,24,Baixa Vacinação
JUNQUEIRO,AL,615,Alta Vacinação
ITAGI,BA,884,Alta Vacinação
TUIUTI,SP,5018,Alta Vacinação
ARTUR NOGUEIRA,None,1,Baixa Vacinação
DOUTOR PEDRINHO,SC,11,Baixa Vacinação
CORUMBIARA,RO,25,Baixa Vacinação
MANICORE,AM,17,Baixa Vacinação
AMPARO,SP,43548,Alta Vacinação
OROBO,PE,565,Alta Vacinação
SANTA ELENA,"",1,Baixa Vacinação
PERITIBA,SC,9,Baixa Vacinação
MORUNGABA,SP,6960,Alta Vacinação
NOVO MACHADO,RS,1,Baixa Vacinação
AURIFLAMA,SP,7480,Alta Vacinação
NOVA ROMA,GO,4,Baixa Vacinação
CACHOEIRA DE GOIAS,GO,5,Baixa Vacinação
JORDAO,AC,7,Baixa Vacinação
NOVA CANDELARIA,RS,3,Baixa Vacinação
ALIANCA DO TOCANTINS,TO,22,Baixa Vacinação
CASCALHO RICO,MG,17,Baixa Vacinação
QUATRO PONTES,PR,24,Baixa Vacinação
ESTRELA D'OESTE,SP,8127,Alta Vacinação
SALETE,SC,17,Baixa Vacinação
BONFIM,MG,20,Baixa Vacinação
BOM JESUS,RS,13,Baixa Vacinação
FLOR DO SERTAO,SC,7,Baixa Vacinação
PASSAGEM,RN,9,Baixa Vacinação
CABECEIRAS,GO,14,Baixa Vacinação
BOA ESPERANCA DO IGUACU,PR,3,Baixa Vacinação
PEDRO OSORIO,RS,8,Baixa Vacinação
LORETO,MA,16,Baixa Vacinação
URANDI,BA,602,Alta Vacinação
TRAIPU,AL,991,Alta Vacinação
JAUPACI,GO,14,Baixa Vacinação
TAMBORIL,CE,926,Alta Vacinação
MONTIVIDIU DO NORTE,GO,14,Baixa Vacinação
MUANA,PA,16,Baixa Vacinação
CRISTAL,RS,5,Baixa Vacinação
SANTA CARMEM,MT,10,Baixa Vacinação
SUMARE,SP,149095,Alta Vacinação
JOIA,RS,1,Baixa Vacinação
MACEIO,AL,9526,Alta Vacinação
RIBEIRO GONCALVES,PI,16,Baixa Vacinação
MONTE SIAO,MG,1754,Alta Vacinação
Monbi,SP,1,Baixa Vacinação
NOVO ORIENTE,CE,1283,Alta Vacinação
MIRANTE DO PARANAPANEMA,SP,11602,Alta Vacinação
LUISBURGO,MG,17,Baixa Vacinação
PITANGUEIRAS,SP,23107,Alta Vacinação
SANTA SALETE,SP,1459,Alta Vacinação
NOVA SERRANA,MG,719,Alta Vacinação
MULUNGU DO MORRO,BA,758,Alta Vacinação
MATOS COSTA,SC,13,Baixa Vacinação
SALVATERRA,PA,21,Baixa Vacinação
RESSAQUINHA,MG,17,Baixa Vacinação
CURRAL DE CIMA,PB,12,Baixa Vacinação
PETROLANDIA,SC,15,Baixa Vacinação
MUNICIPIO IGNORADO - SP,SP,24,Baixa Vacinação
GOVERNADOR DIX-SEPT ROSADO,RN,26,Baixa Vacinação
IPIRA,SC,12,Baixa Vacinação
ESTRELA DO NORTE,SP,2120,Alta Vacinação
HOLAMBRA,SP,6594,Alta Vacinação
RIBEIRAO,PE,717,Alta Vacinação
PUGMIL,TO,10,Baixa Vacinação
HERVAL,RS,2,Baixa Vacinação
GOIANIA,GO,8592,Alta Vacinação
CARAUBAS,PB,20,Baixa Vacinação
ciudad del este,"",1,Baixa Vacinação
GUARACAI,SP,4842,Alta Vacinação
CAMPINA GRANDE DO SUL,PR,504,Alta Vacinação
OURO FINO,MG,1073,Alta Vacinação
TORIXOREU,MT,15,Baixa Vacinação
PILAO ARCADO,BA,1101,Alta Vacinação
RIACHO DE SANTANA,BA,1065,Alta Vacinação
CAPIVARI,SP,30837,Alta Vacinação
IBICUI,BA,879,Alta Vacinação
MARACAI,SP,8178,Alta Vacinação
CAIBATE,RS,7,Baixa Vacinação
SABINO,SP,3968,Alta Vacinação
VOLTA REDONDA,RJ,3504,Alta Vacinação
PEDRINHAS PAULISTA,SP,2101,Alta Vacinação
BANDEIRANTES DO TOCANTINS,TO,5,Baixa Vacinação
JOANOPOLIS,SP,7793,Alta Vacinação
SEDE NOVA,RS,6,Baixa Vacinação
MACAUBAS,BA,2089,Alta Vacinação
EMBAUBA,SP,1515,Alta Vacinação
ITAPURA,SP,2680,Alta Vacinação
MOCOCA,None,1,Baixa Vacinação
CAMPINACU,GO,17,Baixa Vacinação
MARIPA DE MINAS,MG,21,Baixa Vacinação
AMERICANA,SP,140493,Alta Vacinação
TAUA,CE,1822,Alta Vacinação
ENCRUZILHADA DO SUL,RS,26,Baixa Vacinação
ESPIRITO SANTO DO TURVO,SP,2544,Alta Vacinação
CATALAO,GO,1202,Alta Vacinação
MONTE CASTELO,SP,2902,Alta Vacinação
ROSARIO DA LIMEIRA,MG,15,Baixa Vacinação
BRASIL,"",1,Baixa Vacinação
LAJEADO GRANDE,SC,3,Baixa Vacinação
CONCEICAO DO COITE,BA,722,Alta Vacinação
PEDRA PRETA,RN,1,Baixa Vacinação
JAGUAQUARA,BA,1692,Alta Vacinação
CORONEL BARROS,RS,4,Baixa Vacinação
SAO JOSE DO POVO,MT,15,Baixa Vacinação
JAU,SP,78719,Alta Vacinação
ARCOVERDE,PE,1137,Alta Vacinação
JUNQUEIROPOLIS,SP,14321,Alta Vacinação
MAIRIPORA,"",1,Baixa Vacinação
ENGENHO VELHO,RS,10,Baixa Vacinação
PEDERNEIRAS,SP,25133,Alta Vacinação
IBAITI,PR,558,Alta Vacinação
ALVARAES,AM,13,Baixa Vacinação
INDIAPORA,SP,3256,Alta Vacinação
TAQUARAL DE GOIAS,GO,17,Baixa Vacinação
TIMBAUBA,PE,1058,Alta Vacinação
PEDRO DE TOLEDO,SP,7313,Alta Vacinação
SERTANIA,PE,917,Alta Vacinação
MACUCO,RJ,2,Baixa Vacinação
COUTO MAGALHAES,TO,8,Baixa Vacinação
PRESIDENTE ALVES,SP,3032,Alta Vacinação
CAPETINGA,MG,922,Alta Vacinação
SANTO EXPEDITO,SP,1705,Alta Vacinação
BURITAMA,SP,9529,Alta Vacinação
CONTAGEM,MG,3062,Alta Vacinação
PONTE ALTA DO NORTE,SC,4,Baixa Vacinação
SEABRA,BA,2258,Alta Vacinação
SANTA RITA DO NOVO DESTINO,GO,5,Baixa Vacinação
SAO JOSE DA SAFIRA,MG,20,Baixa Vacinação
RIO DO PIRES,BA,1195,Alta Vacinação
RIO DOS INDIOS,RS,3,Baixa Vacinação
BOM JARDIM,PE,1381,Alta Vacinação
JESUPOLIS,GO,3,Baixa Vacinação
CAMARAGIBE,PE,1173,Alta Vacinação
RELVADO,RS,9,Baixa Vacinação
DOIS IRMAOS DAS MISSOES,RS,2,Baixa Vacinação
ALECRIM,RS,3,Baixa Vacinação
VALE DO PARAISO,RO,16,Baixa Vacinação
ITAICABA,CE,22,Baixa Vacinação
SANTA MARGARIDA DO SUL,RS,3,Baixa Vacinação
SANTA TEREZINHA DE GOIAS,GO,26,Baixa Vacinação
MONTES CLAROS,MG,4454,Alta Vacinação
DIVINO DE SAO LOURENCO,ES,11,Baixa Vacinação
IBIUNA,SP,48225,Alta Vacinação
GUAPIARA,SP,12160,Alta Vacinação
NOVA ERECHIM,SC,18,Baixa Vacinação
SAO JOSE,SC,1852,Alta Vacinação
BELA VISTA DO TOLDO,SC,3,Baixa Vacinação
SERRINHA,RN,25,Baixa Vacinação
ITURAMA,MG,1628,Alta Vacinação
JAGUARACU,MG,10,Baixa Vacinação
MANAIRA,PB,514,Alta Vacinação
ALFREDO VASCONCELOS,MG,18,Baixa Vacinação
ANAPOLIS,GO,1963,Alta Vacinação
MAMPITUBA,RS,1,Baixa Vacinação
PORTO ALEGRE,RS,8981,Alta Vacinação
JUNCO DO MARANHAO,MA,19,Baixa Vacinação
UNISTALDA,RS,1,Baixa Vacinação
RINOPOLIS,SP,5054,Alta Vacinação
REDENCAO DA SERRA,SP,2767,Alta Vacinação
BOA VIAGEM,CE,1214,Alta Vacinação
POCOES,BA,3169,Alta Vacinação
FERNANDO DE NORONHA,PE,9,Baixa Vacinação
MONTAURI,RS,2,Baixa Vacinação
VANINI,RS,7,Baixa Vacinação
CHIAPETTA,RS,6,Baixa Vacinação
JURU,PB,676,Alta Vacinação
FRUTAL,MG,2074,Alta Vacinação
MATRINCHA,GO,6,Baixa Vacinação
CAMPO FORMOSO,BA,1289,Alta Vacinação
JO�O CAIAFA,"",1,Baixa Vacinação
VITORIA DE SANTO ANTAO,PE,1104,Alta Vacinação
TARUMA,SP,8863,Alta Vacinação
PIRASSUNUNGA,SP,45934,Alta Vacinação
SAO GONCALO,RJ,2580,Alta Vacinação
CABEDELO,PB,502,Alta Vacinação
RONDOLANDIA,MT,6,Baixa Vacinação
RAMILANDIA,PR,20,Baixa Vacinação
ERICO CARDOSO,BA,748,Alta Vacinação
CAMPO ALEGRE,AL,901,Alta Vacinação
LUIS ANTONIO,SP,7904,Alta Vacinação
SANTA GERTRUDES,SP,13382,Alta Vacinação
BARRO,CE,590,Alta Vacinação
CAAPIRANGA,AM,20,Baixa Vacinação
FLOREAL,SP,2047,Alta Vacinação
PORTO ALEGRE DO TOCANTINS,TO,3,Baixa Vacinação
PESQUEIRA,PE,1211,Alta Vacinação
ITABERA,SP,12580,Alta Vacinação
IPIRANGA DE GOIAS,GO,8,Baixa Vacinação
SANTA TEREZA DO TOCANTINS,TO,2,Baixa Vacinação
RIO BRANCO,AC,2358,Alta Vacinação
CACHOEIRA PAULISTA,SP,18939,Alta Vacinação
HIDROLINA,GO,8,Baixa Vacinação
SAO LUIS DO PARAITINGA,SP,9054,Alta Vacinação
CACAPAVA,SP,62154,Alta Vacinação
ANGRA DOS REIS,RJ,1372,Alta Vacinação
PARECIS,RO,15,Baixa Vacinação
MONTE APRAZIVEL,SP,14627,Alta Vacinação
PORTEIRINHA,MG,797,Alta Vacinação
PAUINI,AM,2,Baixa Vacinação
BIRIGUI,SP,64160,Alta Vacinação
BRASILANDIA DO TOCANTINS,TO,7,Baixa Vacinação
MAIRIPORA,SP,49756,Alta Vacinação
MIGUELOPOLIS,SP,11735,Alta Vacinação
ITANHAEM,SP,54695,Alta Vacinação
PRESIDENTE PRUDENTE - SP,"",1,Baixa Vacinação
TUTOIA,MA,763,Alta Vacinação
PAIVA,MG,12,Baixa Vacinação
GUARDA-MOR,MG,19,Baixa Vacinação
ANALANDIA,SP,2889,Alta Vacinação
ARACUAI,MG,725,Alta Vacinação
MARAPOAMA,SP,2268,Alta Vacinação
LUZINOPOLIS,TO,9,Baixa Vacinação
SAO JOSE DO NORTE,RS,11,Baixa Vacinação
IBEMA,PR,20,Baixa Vacinação
DUQUE DE CAXIAS,RJ,2910,Alta Vacinação
ITAMBE,BA,669,Alta Vacinação
ADAMANTINA,SP,19585,Alta Vacinação
ITANHANDU,MG,723,Alta Vacinação
DAVINOPOLIS,GO,8,Baixa Vacinação
PAIAL,SC,2,Baixa Vacinação
REDUTO,MG,17,Baixa Vacinação
PORTO SEGURO,BA,3073,Alta Vacinação
COTIPORA,RS,6,Baixa Vacinação
BOCA DA MATA,AL,501,Alta Vacinação
PICARRA,PA,18,Baixa Vacinação
VIADUTOS,RS,4,Baixa Vacinação
BARCELONA,RN,6,Baixa Vacinação
FONTOURA XAVIER,RS,12,Baixa Vacinação
JARAGUA DO SUL,SC,1573,Alta Vacinação
JANAUBA,MG,823,Alta Vacinação
PACOTI,CE,7,Baixa Vacinação
THEOBROMA,RO,19,Baixa Vacinação
SAO PEDRO DO TURVO,SP,5743,Alta Vacinação
PEDRA BELA,SP,3592,Alta Vacinação
BARRA DO TURVO,SP,3584,Alta Vacinação
CORONEL JOAO SA,BA,615,Alta Vacinação
EUCLIDES DA CUNHA,BA,4029,Alta Vacinação
ELIAS FAUSTO,SP,12604,Alta Vacinação
PEREIRAS,SP,6824,Alta Vacinação
CACAULANDIA,RO,12,Baixa Vacinação
ITAPORA DO TOCANTINS,TO,1,Baixa Vacinação
ALTAMIRA,PA,523,Alta Vacinação
GUINE,"",2,Baixa Vacinação
CANSANCAO,BA,1784,Alta Vacinação
SEBERI,RS,14,Baixa Vacinação
SETE LAGOAS,MG,948,Alta Vacinação
PETROPOLIS,RJ,1657,Alta Vacinação
BEBEDOURO,SP,47995,Alta Vacinação
GUARARA,MG,20,Baixa Vacinação
CARNAUBA DOS DANTAS,RN,19,Baixa Vacinação
RUBINEIA,SP,3580,Alta Vacinação
MONTE ALEGRE DE GOIAS,GO,7,Baixa Vacinação
NOVO AIRAO,AM,14,Baixa Vacinação
BARRA MANSA,RJ,2148,Alta Vacinação
SALGADINHO,PB,8,Baixa Vacinação
JEQUITIBA,MG,10,Baixa Vacinação
VALENCA,RJ,572,Alta Vacinação
TROMBAS,GO,10,Baixa Vacinação
RIQUEZA,SC,23,Baixa Vacinação
ALFENAS,MG,2710,Alta Vacinação
VICENTE DUTRA,RS,6,Baixa Vacinação
TABOAO DA SERRA,SP,211781,Alta Vacinação
IRATI,SC,1,Baixa Vacinação
SOROCABA,SP,433706,Alta Vacinação
CAMPOS LINDOS,TO,18,Baixa Vacinação
TENENTE LAURENTINO CRUZ,RN,11,Baixa Vacinação
COXIXOLA,PB,25,Baixa Vacinação
CASTELO DO PIAUI,PI,1898,Alta Vacinação
SANTANA DOS GARROTES,PB,501,Alta Vacinação
CANDIDO RODRIGUES,SP,2117,Alta Vacinação
ARAUCARIA,PR,1704,Alta Vacinação
ESTIVA GERBI,SP,5315,Alta Vacinação
SAO LOURENCO,MG,1500,Alta Vacinação
NOVO TRIUNFO,BA,528,Alta Vacinação
MALLET,PR,16,Baixa Vacinação
GUATAMBU,SC,10,Baixa Vacinação
URUCURITUBA,AM,15,Baixa Vacinação
TAQUARITUBA,SP,19309,Alta Vacinação
SENADOR POMPEU,CE,608,Alta Vacinação
ISRAELANDIA,GO,11,Baixa Vacinação
CAREIRO DA VARZEA,AM,7,Baixa Vacinação
CRUZ,CE,770,Alta Vacinação
TACIBA,SP,3824,Alta Vacinação
CATUIPE,RS,12,Baixa Vacinação
MANAQUIRI,AM,9,Baixa Vacinação
RIO BRANCO DO IVAI,PR,19,Baixa Vacinação
TRIUNFO,PE,541,Alta Vacinação
SAO DOMINGOS DAS DORES - MG,"",2,Baixa Vacinação
PENAPOLIS,SP,34032,Alta Vacinação
LONDRES,"",2,Baixa Vacinação
IPERO,SP,14670,Alta Vacinação
QUELUZITO,MG,7,Baixa Vacinação
BAGRE,PA,8,Baixa Vacinação
ARAGUAIANA,MT,22,Baixa Vacinação
OLEO,SP,1465,Alta Vacinação
IGARACU DO TIET,"",1,Baixa Vacinação
JACAREACANGA,PA,5,Baixa Vacinação
SAO PAULO,None,2,Baixa Vacinação
FAXINAL DO SOTURNO,RS,17,Baixa Vacinação
ARIRANHA,SP,5989,Alta Vacinação
NARANDIBA,SP,4440,Alta Vacinação
SANTOS,SP,279222,Alta Vacinação
CAPAO DO CIPO,RS,3,Baixa Vacinação
RUY BARBOSA,BA,783,Alta Vacinação
SANTA ROSA DO TOCANTINS,TO,3,Baixa Vacinação
SAO JOAO DA BALIZA,RR,9,Baixa Vacinação
BARUERI,SP,201908,Alta Vacinação
NOVA AURORA,GO,7,Baixa Vacinação
CANINDE,CE,775,Alta Vacinação
TOBIAS BARRETO,SE,1445,Alta Vacinação
RESTINGA,SP,5360,Alta Vacinação
TURVO,SC,26,Baixa Vacinação
IBIRACI,MG,1552,Alta Vacinação
LAGOINHA,SP,4557,Alta Vacinação
SAO VICENTE,SP,216697,Alta Vacinação
ITARIRI,SP,8641,Alta Vacinação
MIGUEL ALVES,PI,737,Alta Vacinação
BURI,SP,13015,Alta Vacinação
NOVA ODESSA,SP,33288,Alta Vacinação
BOM RETIRO DO SUL,RS,16,Baixa Vacinação
LAGOA DA CANOA,AL,621,Alta Vacinação
SERTAO SANTANA,RS,3,Baixa Vacinação
DUMONT,SP,6984,Alta Vacinação
CUIABA,MT,4710,Alta Vacinação
BOM JESUS DO OESTE,SC,6,Baixa Vacinação
SANTO ANTONIO DA PLATINA,PR,802,Alta Vacinação
FELIPE GUERRA,RN,24,Baixa Vacinação
ESPUMOSO,RS,23,Baixa Vacinação
SEGREDO,RS,2,Baixa Vacinação
CAXAMBU DO SUL,SC,6,Baixa Vacinação
CAIEIRAS,SP,64042,Alta Vacinação
CIDREIRA,RS,14,Baixa Vacinação
TERESINA DE GOIAS,GO,9,Baixa Vacinação
SAO CRISTOVAO DO SUL,SC,2,Baixa Vacinação
AJURICABA,RS,7,Baixa Vacinação
ALVARES FLORENCE,SP,3467,Alta Vacinação
SOLANEA,PB,1540,Alta Vacinação
JATOBA DO PAU�,"",1,Baixa Vacinação
LAGOA DE VELHOS,RN,15,Baixa Vacinação
SAO MARTINHO,RS,4,Baixa Vacinação
TRES FRONTEIRAS,SP,3626,Alta Vacinação
JOAO PESSOA,PB,7829,Alta Vacinação
CRAIBAS,AL,641,Alta Vacinação
JOAO RAMALHO,SP,2654,Alta Vacinação
BARROS CASSAL,RS,7,Baixa Vacinação
ANTONIO PRADO DE MINAS,MG,6,Baixa Vacinação
TIBAU,RN,10,Baixa Vacinação
ILHA COMPRIDA,SP,11810,Alta Vacinação
PRATINHA,MG,13,Baixa Vacinação
SANTA FE DO ARAGUAIA,TO,25,Baixa Vacinação
CHARQUEADA,SP,10409,Alta Vacinação
NOVA CRUZ,RN,648,Alta Vacinação
VALE DE SAO DOMINGOS,MT,10,Baixa Vacinação
TOLEDO,PR,1349,Alta Vacinação
MAURITI,CE,1098,Alta Vacinação
GUARIBA,SP,22426,Alta Vacinação
BORBA,AM,21,Baixa Vacinação
BREJO GRANDE DO ARAGUAIA,PA,11,Baixa Vacinação
BOCA DO ACRE,AM,20,Baixa Vacinação
IBITIARA,BA,1096,Alta Vacinação
LEME,SP,61521,Alta Vacinação
CARAPICUIBA,SP,253581,Alta Vacinação
PIQUETE,SP,8345,Alta Vacinação
ARANDU,SP,4770,Alta Vacinação
ANADIA,AL,597,Alta Vacinação
SANTO ANDRE,SP,526322,Alta Vacinação
CARAA,RS,7,Baixa Vacinação
GUARULHOS,SP,896987,Alta Vacinação
NOVA ANDRADINA,MS,1291,Alta Vacinação
ARACARIGUAMA,SP,11780,Alta Vacinação
IGACI,AL,1209,Alta Vacinação
PEDRAS ALTAS,RS,1,Baixa Vacinação
SAO GONCALO DO RIO PRETO,MG,25,Baixa Vacinação
LA PAZ,"",1,Baixa Vacinação
GAMELEIRA DE GOIAS,GO,8,Baixa Vacinação
SANTA ROSA DE GOIAS,GO,6,Baixa Vacinação
ANHUMAS,SP,2901,Alta Vacinação
LEBON REGIS,SC,8,Baixa Vacinação
MAIRI,BA,831,Alta Vacinação
FEIRA DE SANTANA,BA,3956,Alta Vacinação
AGUA BRANCA,AL,902,Alta Vacinação
SEVERINIA,SP,9353,Alta Vacinação
PAULISTANIA,SP,1314,Alta Vacinação
DESCOBERTO,MG,22,Baixa Vacinação
GUARARAPES,SP,19504,Alta Vacinação
CONGONHAS DO NORTE,MG,21,Baixa Vacinação
JOINVILLE,SC,5315,Alta Vacinação
CANABRAVA DO NORTE,MT,12,Baixa Vacinação
PRESIDENTE CASTELLO BRANCO,SC,4,Baixa Vacinação
CARIRI DO TOCANTINS,TO,15,Baixa Vacinação
BELEM,PA,8394,Alta Vacinação
CUMARI,GO,8,Baixa Vacinação
ARAPOEMA,TO,24,Baixa Vacinação
SANTIAGO DO SUL,SC,9,Baixa Vacinação
PRACUUBA,AP,1,Baixa Vacinação
BELO JARDIM,PE,1094,Alta Vacinação
SILVANOPOLIS,TO,12,Baixa Vacinação
ENTRE RIOS,BA,978,Alta Vacinação
JUREMA,PE,1144,Alta Vacinação
PALMARES DO SUL,RS,23,Baixa Vacinação
LIMEIRA,SP,165843,Alta Vacinação
CASA NOVA,BA,906,Alta Vacinação
MATOES,MA,571,Alta Vacinação
DOLCINOPOLIS,SP,1570,Alta Vacinação
MARICA,RJ,501,Alta Vacinação
MORRO REUTER,RS,8,Baixa Vacinação
VARGEM BONITA,SC,10,Baixa Vacinação
BERILO,MG,1123,Alta Vacinação
TAIO,SC,22,Baixa Vacinação
PALMEIROPOLIS,TO,8,Baixa Vacinação
ITATIRA,CE,526,Alta Vacinação
PLANALTO ALEGRE,SC,4,Baixa Vacinação
TERRA ROXA - SP,"",1,Baixa Vacinação
ESPIRITO SANTO DO PINHAL,SP,23389,Alta Vacinação
None,None,1338,Alta Vacinação
CABO DE SANTO AGOSTINHO,PE,1763,Alta Vacinação
NOVO ALEGRE,TO,11,Baixa Vacinação
BENJAMIN CONSTANT DO SUL,RS,2,Baixa Vacinação
MERCEDES,PR,23,Baixa Vacinação
BOM JESUS DO NORTE,ES,18,Baixa Vacinação
SAO JOSE DO BELMONTE,PE,821,Alta Vacinação
PASSA SETE,RS,1,Baixa Vacinação
SAO BERNARDINO,SC,18,Baixa Vacinação
PORTO ESTRELA,MT,15,Baixa Vacinação
BUTIA,RS,20,Baixa Vacinação
BARRA BONITA,SC,16,Baixa Vacinação
IGUAPE,SP,19399,Alta Vacinação
ORLANDIA,SP,22590,Alta Vacinação
AVEIRO,PA,6,Baixa Vacinação
SAO JOSE DO VALE DO RIO PRETO,RJ,25,Baixa Vacinação
MELEIRO,SC,7,Baixa Vacinação
CASEARA,TO,14,Baixa Vacinação
SAO BENTO DO NORTE,RN,14,Baixa Vacinação
CASTANHEIRAS,RO,12,Baixa Vacinação
NOVO ACORDO,TO,4,Baixa Vacinação
BARRACAO,RS,6,Baixa Vacinação
CATIGUA,SP,5414,Alta Vacinação
TIMBIRAS,MA,557,Alta Vacinação
ITAPIRA,SP,45579,Alta Vacinação
MARIALVA,PR,586,Alta Vacinação
NOVA OLINDA,PB,584,Alta Vacinação
CARMOLANDIA,TO,6,Baixa Vacinação
JENIPAPO DE MINAS,MG,568,Alta Vacinação
POA,SP,74827,Alta Vacinação
PRESIDENTE VENCESLAU,SP,22210,Alta Vacinação
PARAGUAI,"",1,Baixa Vacinação
MAIRIPOTABA,GO,7,Baixa Vacinação
ARUJA,SP,68211,Alta Vacinação
SALES,SP,3063,Alta Vacinação
PACAEMBU,SP,7095,Alta Vacinação
CATARINA,CE,518,Alta Vacinação
AURILANDIA,GO,15,Baixa Vacinação
GETULINA,SP,6642,Alta Vacinação
BARCELOS,AM,10,Baixa Vacinação
JARDINOPOLIS,SP,26677,Alta Vacinação
SANTA CECILIA DO SUL,RS,1,Baixa Vacinação
ANDRADINA - SP,"",1,Baixa Vacinação
PATROCINIO PAULISTA,SP,7846,Alta Vacinação
TAGUAI,SP,9398,Alta Vacinação
BARRO ALTO,BA,677,Alta Vacinação
SAO CARLOS,SP,168899,Alta Vacinação
UNIAO DO OESTE,SC,8,Baixa Vacinação
SAGRADA FAMILIA,RS,4,Baixa Vacinação
BRACO DO TROMBUDO,SC,15,Baixa Vacinação
VIDAL RAMOS,SC,17,Baixa Vacinação
SURUBIM,PE,1032,Alta Vacinação
CAMPINORTE,GO,24,Baixa Vacinação
JITAUNA,BA,766,Alta Vacinação
BRUSQUE,SC,1283,Alta Vacinação
CASTANHAL,PA,775,Alta Vacinação
BREJO SANTO,CE,954,Alta Vacinação
MONTE DO CARMO,TO,10,Baixa Vacinação
PARAPUA,SP,7814,Alta Vacinação
CAPELA NOVA,MG,16,Baixa Vacinação
SAO JOSE DO CALCADO,ES,23,Baixa Vacinação
CACIMBA DE DENTRO,PB,939,Alta Vacinação
ALTO FELIZ,RS,10,Baixa Vacinação
CANDIDO GODOI,RS,4,Baixa Vacinação
GENERAL CAMARA,RS,11,Baixa Vacinação
AMARGOSA,BA,617,Alta Vacinação
TELHA,SE,21,Baixa Vacinação
SINIMBU,RS,7,Baixa Vacinação
CATURAI,GO,13,Baixa Vacinação
NOVA ARACA,RS,23,Baixa Vacinação
JANDAIRA,RN,15,Baixa Vacinação
PENEDO,AL,1201,Alta Vacinação
MANCIO LIMA,AC,19,Baixa Vacinação
RIBEIRAO DAS NEVES,MG,968,Alta Vacinação
PAULINIA,SP,67314,Alta Vacinação
SANTA BARBARA D'OESTE,SP,106260,Alta Vacinação
CIANORTE,PR,1640,Alta Vacinação
CERRO BRANCO,RS,1,Baixa Vacinação
LORENA,SP,52046,Alta Vacinação
CAMPO MAIOR,PI,844,Alta Vacinação
VILA MARIA,RS,6,Baixa Vacinação
IPIRANGA DO SUL,RS,1,Baixa Vacinação
VARZEA PAULISTA,SP,59979,Alta Vacinação
CANTAGALO,PR,17,Baixa Vacinação
ITAARA,RS,12,Baixa Vacinação
TOROPI,RS,1,Baixa Vacinação
CANELINHA,SC,26,Baixa Vacinação
UNA,BA,772,Alta Vacinação
ESPIGAO ALTO DO IGUACU,PR,20,Baixa Vacinação
VICOSA DO CEARA,CE,638,Alta Vacinação
JECEABA,MG,20,Baixa Vacinação
ROLANDIA,PR,1006,Alta Vacinação
SAO GONCALO DO SAPUCAI,MG,603,Alta Vacinação
PARIPIRANGA,BA,720,Alta Vacinação
IBIACA,RS,3,Baixa Vacinação
MARACAS,BA,963,Alta Vacinação
MOIPORA,GO,4,Baixa Vacinação
PORTO ALEGRE DO PIAUI,PI,21,Baixa Vacinação
BANANEIRAS,PB,810,Alta Vacinação
MOGI GUACU,SP,87058,Alta Vacinação
SALGUEIRO,PE,622,Alta Vacinação
ITAPIRATINS,TO,4,Baixa Vacinação
SAO PEDRO,SP,24121,Alta Vacinação
SALMOURAO,SP,2801,Alta Vacinação
NOVA UNIAO,RO,16,Baixa Vacinação
TIMBO GRANDE,SC,1,Baixa Vacinação
ITAJU,SP,2035,Alta Vacinação
campinas,None,2,Baixa Vacinação
UBERLANDIA,MG,8550,Alta Vacinação
VISTA ALEGRE DO PRATA,RS,1,Baixa Vacinação
APARECIDA DO RIO NEGRO,TO,14,Baixa Vacinação
CORURIPE,AL,1084,Alta Vacinação
PONTAO,RS,4,Baixa Vacinação
BANANAL,SP,4869,Alta Vacinação
MIRACATU,SP,11576,Alta Vacinação
CASTANHEIRA,MT,25,Baixa Vacinação
SENADOR GUIOMARD,AC,26,Baixa Vacinação
SAO JOAO DO SUL,SC,8,Baixa Vacinação
SANTANA DE PARNAIBA,SP,87606,Alta Vacinação
MOTUCA,SP,2644,Alta Vacinação
VOTORANTIM,SP,76172,Alta Vacinação
PIRACEMA,MG,16,Baixa Vacinação
SANTA ALBERTINA,SP,4773,Alta Vacinação
CURRALINHO,PA,16,Baixa Vacinação
JAGUARIUNA,SP,40877,Alta Vacinação
NOVA AMERICA,GO,7,Baixa Vacinação
MATAO,SP,50875,Alta Vacinação
TOMBOS,MG,20,Baixa Vacinação
UNIAO PAULISTA,SP,1157,Alta Vacinação
ARAPIRACA,AL,4774,Alta Vacinação
MATA GRANDE,AL,1321,Alta Vacinação
BARIRI,SP,17721,Alta Vacinação
LAPAO,BA,534,Alta Vacinação
CASTRO ALVES,BA,524,Alta Vacinação
PIRIPA,BA,1265,Alta Vacinação
BORA,SP,602,Alta Vacinação
ITAJOBI,SP,9111,Alta Vacinação
RIBEIRAOZINHO,MT,9,Baixa Vacinação
RERIUTABA,CE,26,Baixa Vacinação
OEIRAS DO PARA,PA,14,Baixa Vacinação
PORANGABA,SP,9343,Alta Vacinação
PILAR DE GOIAS,GO,2,Baixa Vacinação
MARIANA PIMENTEL,RS,5,Baixa Vacinação
PALMINOPOLIS,GO,17,Baixa Vacinação
QUIXABA,PB,22,Baixa Vacinação
TRES PALMEIRAS,RS,18,Baixa Vacinação
BOA NOVA,BA,1325,Alta Vacinação
ITAPIRAPUA,GO,9,Baixa Vacinação
VARGEM,SC,5,Baixa Vacinação
MONTE SANTO DE MINAS,MG,1651,Alta Vacinação
MINAS NOVAS,MG,1660,Alta Vacinação
ARATIBA,RS,17,Baixa Vacinação
TAPERA,RS,11,Baixa Vacinação
SALTO,SP,71572,Alta Vacinação
CACONDE,SP,9329,Alta Vacinação
MINEIROS,GO,511,Alta Vacinação
ERNESTINA,RS,3,Baixa Vacinação
SANTO ANTONIO DO ARACANGUA,SP,4993,Alta Vacinação
ITAU DE MINAS,MG,719,Alta Vacinação
PILAR DO SUL,SP,20142,Alta Vacinação
SAO JOSE DOS PINHAIS,PR,2353,Alta Vacinação
ARROIO TRINTA,SC,8,Baixa Vacinação
ENTRE RIOS,SC,8,Baixa Vacinação
ARTUR NOGUEIRA,SP,27206,Alta Vacinação
MOJUI DOS CAMPOS,PA,14,Baixa Vacinação
SAO GERALDO DO BAIXIO,MG,17,Baixa Vacinação
CHAPADA DA NATIVIDADE,TO,6,Baixa Vacinação
OLARIA,MG,12,Baixa Vacinação
CAPAO BONITO,SP,34862,Alta Vacinação
MORADA NOVA DE MINAS,MG,15,Baixa Vacinação
TERRA ROXA,SP,5822,Alta Vacinação
PARAZINHO,RN,7,Baixa Vacinação
PEDRO II,PI,2702,Alta Vacinação
RIO DO OESTE,SC,20,Baixa Vacinação
SANTOPOLIS DO AGUAPEI,SP,3278,Alta Vacinação
NOVA CANAA,BA,723,Alta Vacinação
CAPITÃO BADO,"",1,Baixa Vacinação
DUAS ESTRADAS,PB,7,Baixa Vacinação
RIBEIRAO PRETO - SP,None,1,Baixa Vacinação
ARUJA - SP,None,1,Baixa Vacinação
DIADEMA,SP,333153,Alta Vacinação
TANHACU,BA,761,Alta Vacinação
PIRIPIRI,PI,2228,Alta Vacinação
BATATAIS,SP,44688,Alta Vacinação
MURICILANDIA,TO,6,Baixa Vacinação
CATURAMA,BA,662,Alta Vacinação
LACERDOPOLIS,SC,7,Baixa Vacinação
NOVA HARTZ,RS,20,Baixa Vacinação
TUPANATINGA,PE,1093,Alta Vacinação
SANTA ISABEL,SP,40626,Alta Vacinação
SANTA HELENA,SC,12,Baixa Vacinação
SANTA MARIA DO HERVAL,RS,6,Baixa Vacinação
PORTO VERA CRUZ,RS,3,Baixa Vacinação
UBATUBA,SP,47271,Alta Vacinação
CAJAZEIRAS,PB,1098,Alta Vacinação
GUAIMBE,SP,4249,Alta Vacinação
IBIPORA,PR,611,Alta Vacinação
MARINGA,PR,9322,Alta Vacinação
RESENDE,RJ,3493,Alta Vacinação
ESTRELA DALVA,MG,8,Baixa Vacinação
SANTA RITA DO PASSA QUATRO,SP,17440,Alta Vacinação
ARROIO DO PADRE,RS,2,Baixa Vacinação
SAO RAIMUNDO NONATO,PI,588,Alta Vacinação
PRESIDENTE LUCENA,RS,3,Baixa Vacinação
CAPELA DO ALTO,SP,10312,Alta Vacinação
HELIOPOLIS,BA,740,Alta Vacinação
ILHA SOLTEIRA,SP,21602,Alta Vacinação
BOM CONSELHO,PE,1343,Alta Vacinação
BELTERRA,PA,15,Baixa Vacinação
MONTEIRO,PB,1098,Alta Vacinação
JUMIRIM,SP,2352,Alta Vacinação
DOURADOQUARA,MG,9,Baixa Vacinação
MARECHAL DEODORO,AL,632,Alta Vacinação
SAO JOAQUIM DA BARRA,SP,35126,Alta Vacinação
AMAJARI,RR,14,Baixa Vacinação
PRESIDENTE KENNEDY,ES,18,Baixa Vacinação
COMBINADO,TO,12,Baixa Vacinação
SAO PEDRO DAS MISSOES,RS,4,Baixa Vacinação
SALTO DE PIRAPORA,SP,24825,Alta Vacinação
MESSIAS TARGINO,RN,3,Baixa Vacinação
PIRAPO,RS,2,Baixa Vacinação
GUATAPARA,SP,5854,Alta Vacinação
MUNIZ FREIRE,ES,21,Baixa Vacinação
RIO LARGO,AL,1089,Alta Vacinação
COSTA RICA,MS,548,Alta Vacinação
PLANALTO,SP,3517,Alta Vacinação
LIMOEIRO DO AJURU,PA,9,Baixa Vacinação
PINHEIRO PRETO,SC,7,Baixa Vacinação
PRINCESA ISABEL,PB,933,Alta Vacinação
ESTRANGEIRO,XX,1,Baixa Vacinação
CAMPO NOVO DE RONDONIA,RO,23,Baixa Vacinação
RODEIO BONITO,RS,14,Baixa Vacinação
SALTO DEL GUAIRA/PY,"",1,Baixa Vacinação
CAFELANDIA,SP,11881,Alta Vacinação
AGUDOS,SP,20281,Alta Vacinação
IBIPITANGA,BA,1497,Alta Vacinação
CASTILHO,SP,11852,Alta Vacinação
SOBRADINHO,RS,18,Baixa Vacinação
venezuela,None,1,Baixa Vacinação
INHAUMA,MG,20,Baixa Vacinação
OEIRAS,PI,1883,Alta Vacinação
ANGELINA,SC,11,Baixa Vacinação
PILAR,AL,677,Alta Vacinação
LAVRAS,MG,1737,Alta Vacinação
GUARUJA,SP,187587,Alta Vacinação
CAMPO NOVO,RS,9,Baixa Vacinação
SANTA ROSA DO PURUS,AC,4,Baixa Vacinação
CANAVIEIRAS,BA,658,Alta Vacinação
UARINI,AM,18,Baixa Vacinação
ARARIPINA,PE,987,Alta Vacinação
SANTA CRUZ DA ESPERANCA,SP,1586,Alta Vacinação
JACUTINGA,RS,8,Baixa Vacinação
JUAREZ TAVORA,PB,13,Baixa Vacinação
CASSIA,MG,1267,Alta Vacinação
SENHOR DO BONFIM,BA,1432,Alta Vacinação
PIUMHI,MG,722,Alta Vacinação
SAO JOAO DA URTIGA,RS,1,Baixa Vacinação
COLONIA LEOPOLDINA,AL,557,Alta Vacinação
BARBOSA,SP,3303,Alta Vacinação
AMERICANO DO BRASIL,GO,19,Baixa Vacinação
DIVINA PASTORA,SE,25,Baixa Vacinação
ccccccccccccccccccc,"",1,Baixa Vacinação
NATIVIDADE,TO,14,Baixa Vacinação
CONCHAS,SP,10703,Alta Vacinação
NUPORANGA,SP,4538,Alta Vacinação
GAURAMA,RS,10,Baixa Vacinação
SERRA DA SAUDADE,MG,3,Baixa Vacinação
CEDRO DO ABAETE,MG,1,Baixa Vacinação
LEOBERTO LEAL,SC,3,Baixa Vacinação
SOBRADINHO,DF,1,Baixa Vacinação
RINCAO,SP,6957,Alta Vacinação
TARABAI,SP,4091,Alta Vacinação
MORRO AGUDO,SP,19072,Alta Vacinação
RIO GRANDE DA SERRA - SP,"",1,Baixa Vacinação
SUZANAPOLIS,SP,2070,Alta Vacinação
ATILIO VIVACQUA,ES,16,Baixa Vacinação
CRUZEIRO DO IGUACU,PR,18,Baixa Vacinação
GASPAR,SC,557,Alta Vacinação
ARAPEI,SP,1243,Alta Vacinação
SAO SEBASTIAO DA VARGEM ALEGRE,MG,7,Baixa Vacinação
VIEIRAS,MG,26,Baixa Vacinação
BOM PRINCIPIO DO PIAUI,PI,25,Baixa Vacinação
GRUPIARA,MG,4,Baixa Vacinação
ITABAIANINHA,SE,646,Alta Vacinação
POMBAL,PB,861,Alta Vacinação
GUABIJU,RS,5,Baixa Vacinação
MORTUGABA,BA,1034,Alta Vacinação
NOVA PALMA,RS,13,Baixa Vacinação
REGISTRO,SP,41010,Alta Vacinação
BUJARI,AC,7,Baixa Vacinação
MOJI MIRIM,SP,55745,Alta Vacinação
TACARATU,PE,537,Alta Vacinação
TREVISO,SC,14,Baixa Vacinação
REBOUCAS,PR,18,Baixa Vacinação
CAICARA DO RIO DO VENTO,RN,6,Baixa Vacinação
AFUA,PA,15,Baixa Vacinação
MAGDA,SP,2218,Alta Vacinação
ORINDIUVA,SP,5016,Alta Vacinação
MAETINGA,BA,678,Alta Vacinação
PEROLANDIA,GO,5,Baixa Vacinação
NAZARE,TO,11,Baixa Vacinação
AGUAI,SP,19407,Alta Vacinação
ITABORAI,RJ,664,Alta Vacinação
MAJOR VIEIRA,SC,7,Baixa Vacinação
IVOLANDIA,GO,4,Baixa Vacinação
PEDRINOPOLIS,MG,26,Baixa Vacinação
PARAISOPOLIS,MG,1599,Alta Vacinação
IRACEMA,RR,11,Baixa Vacinação
TUPI PAULISTA,SP,13308,Alta Vacinação
NEVES PAULISTA,SP,6610,Alta Vacinação
MARIANOPOLIS DO TOCANTINS,TO,16,Baixa Vacinação
AROEIRAS DO ITAIM,PI,16,Baixa Vacinação
MIRASSOLANDIA,SP,4208,Alta Vacinação
AGUAS BELAS,PE,1296,Alta Vacinação
CAJURU,SP,15464,Alta Vacinação
MARACANAU,CE,1018,Alta Vacinação
MONTE SANTO,BA,2715,Alta Vacinação
GIRAU DO PONCIANO,AL,1220,Alta Vacinação
RIO DO FOGO,RN,22,Baixa Vacinação
IBIRITE,MG,521,Alta Vacinação
SINOP,MT,1335,Alta Vacinação
sao paulo,None,1,Baixa Vacinação
DOBRADA,SP,5595,Alta Vacinação
ITAUCU,GO,13,Baixa Vacinação
ARARAQUARA,SP,153645,Alta Vacinação
IPUEIRAS,TO,2,Baixa Vacinação
SAO BENTO DO UNA,PE,1080,Alta Vacinação
JARAGUARI,MS,25,Baixa Vacinação
Centro,MA,1,Baixa Vacinação
PAU D'ARCO,PA,15,Baixa Vacinação
PIRAJUI,SP,12856,Alta Vacinação
VILA VELHA,ES,2667,Alta Vacinação
LAURO DE FREITAS,BA,2438,Alta Vacinação
ITAMARATI DE MINAS,MG,22,Baixa Vacinação
ITAPEVI,SP,139555,Alta Vacinação
SAO LOURENCO DA MATA,PE,724,Alta Vacinação
CARINHANHA,BA,611,Alta Vacinação
DUAS BARRAS,RJ,10,Baixa Vacinação
ARARIPE,CE,889,Alta Vacinação
PINDORAMA,SP,10172,Alta Vacinação
BRAGANCA PAULISTA,SP,120901,Alta Vacinação
TAPAUA,AM,9,Baixa Vacinação
SANTA ROSA DE LIMA,SC,10,Baixa Vacinação
SANTA RITA DO SAPUCAI,MG,1405,Alta Vacinação
IBITINGA,SP,34132,Alta Vacinação
SAO MIGUEL DAS MISSOES,RS,15,Baixa Vacinação
CARANAIBA,MG,5,Baixa Vacinação
LAJE DO MURIAE,RJ,6,Baixa Vacinação
JUTAI,AM,13,Baixa Vacinação
LADAINHA,MG,924,Alta Vacinação
PINHAIS,PR,901,Alta Vacinação
SANTA RITA DO TOCANTINS,TO,6,Baixa Vacinação
BENTO FERNANDES,RN,8,Baixa Vacinação
GIRUA,RS,15,Baixa Vacinação
GARANHUNS,PE,2348,Alta Vacinação
ITALVA,RJ,22,Baixa Vacinação
PATROCINIO DO MURIAE,MG,13,Baixa Vacinação
ARCEBURGO,MG,849,Alta Vacinação
GUAJERU,BA,948,Alta Vacinação
FAZENDA NOVA,GO,7,Baixa Vacinação
SAO JOAO DAS DUAS PONTES,SP,2019,Alta Vacinação
CORGUINHO,MS,21,Baixa Vacinação
BACABAL,MA,538,Alta Vacinação
LINDOLFO COLLOR,RS,13,Baixa Vacinação
AVARE,SP,60154,Alta Vacinação
PEDRANOPOLIS,SP,1652,Alta Vacinação
SAO JOSE DA VARGINHA,MG,22,Baixa Vacinação
LARANJAL,PR,10,Baixa Vacinação
TAPIRAI,SP,4866,Alta Vacinação
QUIPAPA,PE,608,Alta Vacinação
ILHABELA,SP,21135,Alta Vacinação
LINHA NOVA,RS,1,Baixa Vacinação
PROGRESSO,RS,3,Baixa Vacinação
POCO VERDE,SE,689,Alta Vacinação
MUNDO NOVO,BA,793,Alta Vacinação
NOVO ITACOLOMI,PR,18,Baixa Vacinação
DIVINOPOLIS,MG,1312,Alta Vacinação
PIRATINI,RS,12,Baixa Vacinação
MOMBUCA,SP,2707,Alta Vacinação
CALDAS BRANDAO,PB,15,Baixa Vacinação
EDEALINA,GO,7,Baixa Vacinação
SANTOS,"",1,Baixa Vacinação
PORTO DO MANGUE,RN,14,Baixa Vacinação
SAO SEBASTIAO,AL,951,Alta Vacinação
MULITERNO,RS,5,Baixa Vacinação
CHAPECO,SC,1138,Alta Vacinação
FEIJO,AC,25,Baixa Vacinação
ITABAIANA,SE,556,Alta Vacinação
PORECATU,PR,535,Alta Vacinação
AGUA SANTA,RS,4,Baixa Vacinação
SANTA BARBARA DE GOIAS,GO,12,Baixa Vacinação
SAO JOSE DO HORTENCIO,RS,4,Baixa Vacinação
MANARI,PE,505,Alta Vacinação
SAO JOAO DA PONTA,PA,11,Baixa Vacinação
PEREIRO,CE,764,Alta Vacinação
SEM-PEIXE,MG,20,Baixa Vacinação
CRATEUS,CE,1817,Alta Vacinação
SANTA MARIA,RS,863,Alta Vacinação
PAU D'ARCO,TO,11,Baixa Vacinação
AGUAS DE SAO PEDRO,SP,3057,Alta Vacinação
PASSOS,MG,3584,Alta Vacinação
LUTECIA,SP,1625,Alta Vacinação
TEOFILANDIA,BA,1099,Alta Vacinação
NATAL,RN,6443,Alta Vacinação
LUIZIANIA,SP,2734,Alta Vacinação
PARATINGA,BA,1431,Alta Vacinação
RIBEIRA,SP,2061,Alta Vacinação
ITABUNA,BA,5905,Alta Vacinação
NOVO BARREIRO,RS,5,Baixa Vacinação
ITAJAI,SC,2321,Alta Vacinação
BRAGA,RS,9,Baixa Vacinação
CALCOENE,AP,10,Baixa Vacinação
BOFETE,SP,7610,Alta Vacinação
SAO SEBASTIAO DO ALTO,RJ,9,Baixa Vacinação
SANTA ERNESTINA,SP,3740,Alta Vacinação
MACAJUBA,BA,883,Alta Vacinação
VOTUPORANGA,SP,58124,Alta Vacinação
ITARARE,SP,31216,Alta Vacinação
BIQUINHAS,MG,3,Baixa Vacinação
PALMAS DE MONTE ALTO,BA,545,Alta Vacinação
PATOS,PB,1370,Alta Vacinação
ASSIS,SP,63276,Alta Vacinação
PEDRA BONITA,MG,10,Baixa Vacinação
SAO BENTO DO TRAIRI,RN,15,Baixa Vacinação
ENTRE RIOS DO OESTE,PR,11,Baixa Vacinação
MARILIA,None,1,Baixa Vacinação
EMBU,"",2,Baixa Vacinação
LAMIM,MG,7,Baixa Vacinação
POTIM,SP,10200,Alta Vacinação
SARUTAIA,SP,2651,Alta Vacinação
PEDRA DO INDAIA,MG,17,Baixa Vacinação
BLUMENAU,SC,2496,Alta Vacinação
BELA CRUZ,CE,766,Alta Vacinação
PONTE PRETA,RS,3,Baixa Vacinação
QUEIMADAS,BA,1021,Alta Vacinação
AMATURA,AM,7,Baixa Vacinação
SANTAREM,PA,722,Alta Vacinação
QUEIROZ,SP,1565,Alta Vacinação
AGROLANDIA,SC,15,Baixa Vacinação
ITUPEVA,SP,36368,Alta Vacinação
RIO CLARO,SP,122063,Alta Vacinação
IPATINGA,MG,1837,Alta Vacinação
PEROLA D'OESTE,PR,18,Baixa Vacinação
SERRANOPOLIS DO IGUACU,PR,16,Baixa Vacinação
CESARIO LANGE,SP,11219,Alta Vacinação
CIPO,BA,731,Alta Vacinação
CAICARA DO NORTE,RN,16,Baixa Vacinação
CORREGO FUNDO,MG,23,Baixa Vacinação
SAO JOSE DO RIO PARDO,SP,37468,Alta Vacinação
SAO JOAO DO PARAISO,MG,1115,Alta Vacinação
CANARANA,BA,812,Alta Vacinação
BROTAS,SP,13867,Alta Vacinação
LAVINIA,SP,4409,Alta Vacinação
CASEIROS,RS,6,Baixa Vacinação
CAMPOS VERDES,GO,20,Baixa Vacinação
SAO JOAO DO OESTE,SC,21,Baixa Vacinação
CEDRO,CE,736,Alta Vacinação
NOVO JARDIM,TO,2,Baixa Vacinação
SALGADO FILHO,PR,24,Baixa Vacinação
URANIA,SP,6823,Alta Vacinação
BALNEARIO PINHAL,RS,18,Baixa Vacinação
PONTA GROSSA,PR,1953,Alta Vacinação
BARRA DO CORDA,MA,646,Alta Vacinação
NOVO HORIZONTE,SC,3,Baixa Vacinação
PALMA,MG,23,Baixa Vacinação
BOQUEIRAO DO LEAO,RS,2,Baixa Vacinação
TRES CORACOES,MG,1337,Alta Vacinação
CRISSIUMAL,RS,25,Baixa Vacinação
LOURDES,SP,1597,Alta Vacinação
GUAXUPE,MG,2420,Alta Vacinação
PIRACAIA,SP,18204,Alta Vacinação
ITAGIBA,BA,940,Alta Vacinação
CAROEBE,RR,17,Baixa Vacinação
TEIXEIRA DE FREITAS,BA,2060,Alta Vacinação
PRESIDENTE NEREU,SC,2,Baixa Vacinação
CAMPO BELO DO SUL,SC,12,Baixa Vacinação
AGUAS DE SANTA BARBARA,SP,5037,Alta Vacinação
MACHADINHO,RS,11,Baixa Vacinação
VILA NOVA DO SUL,RS,3,Baixa Vacinação
CAMBUCI,RJ,24,Baixa Vacinação
itaquaquecetuba,None,1,Baixa Vacinação
CORONEL MARTINS,SC,2,Baixa Vacinação
TURIUBA,SP,1791,Alta Vacinação
GUANAMBI,BA,1875,Alta Vacinação
SANTA BARBARA DO MONTE VERDE,MG,10,Baixa Vacinação
SAO MIGUEL DO PASSA QUATRO,GO,5,Baixa Vacinação
SANTA BARBARA DO SUL,RS,16,Baixa Vacinação
CRISTALANDIA DO PIAUI,PI,8,Baixa Vacinação
CAMPO ALEGRE DE LOURDES,BA,1488,Alta Vacinação
BRUMADO,BA,1322,Alta Vacinação
SOBRAL,CE,845,Alta Vacinação
NORMANDIA,RR,10,Baixa Vacinação
ITAPEVA,SP,69943,Alta Vacinação
APARECIDA,SP,21687,Alta Vacinação
VARZELANDIA,MG,1180,Alta Vacinação
MINEIROS DO TIETE,SP,7796,Alta Vacinação
EXTERIOR,None,1,Baixa Vacinação
VILA LANGARO,RS,4,Baixa Vacinação
ARGIRITA,MG,14,Baixa Vacinação
ATALANTA,SC,7,Baixa Vacinação
JANUARIA,MG,1544,Alta Vacinação
BOM JESUS DOS PERDOES,SP,12691,Alta Vacinação
ANAPURUS,MA,24,Baixa Vacinação
SUZANO SP,None,1,Baixa Vacinação
RANCHO QUEIMADO,SC,12,Baixa Vacinação
RIACHO DE SANTO ANTONIO,PB,7,Baixa Vacinação
BAIXA GRANDE,BA,660,Alta Vacinação
ACRELANDIA,"",3,Baixa Vacinação
SANCLERLANDIA,GO,9,Baixa Vacinação
IBIPEBA,BA,564,Alta Vacinação
CARAI,MG,535,Alta Vacinação
AREALVA,SP,5361,Alta Vacinação
REGENERACAO,PI,562,Alta Vacinação
CURUA,PA,13,Baixa Vacinação
CAPIM GROSSO,BA,1035,Alta Vacinação
JUCAS,CE,505,Alta Vacinação
MATO RICO,PR,10,Baixa Vacinação
LUIS DOMINGUES,MA,8,Baixa Vacinação
CATURITE,PB,16,Baixa Vacinação
CARLOPOLIS,PR,533,Alta Vacinação
TIGRINHOS,SC,3,Baixa Vacinação
CABO FRIO,RJ,724,Alta Vacinação
MARTINOPOLIS,SP,15923,Alta Vacinação
ERVAL SECO,RS,10,Baixa Vacinação
SANTA ISABEL,GO,6,Baixa Vacinação
TEODORO SAMPAIO,SP,14166,Alta Vacinação
LAJES PINTADAS,RN,16,Baixa Vacinação
CHAPADA,RS,20,Baixa Vacinação
LUPERCIO,SP,2911,Alta Vacinação
SANTO ANTONIO DO AVENTUREIRO,MG,14,Baixa Vacinação
TABIRA,PE,680,Alta Vacinação
SAO VALERIO,TO,20,Baixa Vacinação
SAO MATEUS DO MARANHAO,MA,813,Alta Vacinação
BODO,RN,9,Baixa Vacinação
MIGUEL CALMON,BA,814,Alta Vacinação
FERRAZ DE VASCONCELOS,SP,95327,Alta Vacinação
NORDESTINA,BA,888,Alta Vacinação
PARANOA,DF,1,Baixa Vacinação
COLINA,SP,10785,Alta Vacinação
DOM BOSCO,MG,10,Baixa Vacinação
IRACEMAPOLIS,SP,13932,Alta Vacinação
REDENTORA,RS,6,Baixa Vacinação
TARTARUGALZINHO,AP,9,Baixa Vacinação
DORESOPOLIS,MG,13,Baixa Vacinação
SAO PEDRO DOS CRENTES,MA,2,Baixa Vacinação
ALPESTRE,RS,7,Baixa Vacinação
CAPELA DE SANTANA,RS,14,Baixa Vacinação
ALFREDO WAGNER,SC,8,Baixa Vacinação
SAO SEBASTIAO,SP,40576,Alta Vacinação
AMERICO BRASILIENSE,SP,23658,Alta Vacinação
CAMPO LIMPO DE GOIAS,GO,23,Baixa Vacinação
SALTO GRANDE,SP,5527,Alta Vacinação
SAO BERNARDO DO CAMPO,SP,534888,Alta Vacinação
PELOTAS,RS,869,Alta Vacinação
RIO DAS OSTRAS,RJ,837,Alta Vacinação
SAO MIGUEL,RN,1137,Alta Vacinação
OURINHOS,None,1,Baixa Vacinação
CONSELHEIRO LAFAIETE,MG,721,Alta Vacinação
PARANAVAI,PR,1105,Alta Vacinação
SAO JOAO DO PIAUI,PI,857,Alta Vacinação
FARIA LEMOS,MG,10,Baixa Vacinação
COROADOS,SP,2999,Alta Vacinação
GALIA,SP,5039,Alta Vacinação
BRAUNA,SP,2844,Alta Vacinação
JUAZEIRO DO NORTE,CE,3334,Alta Vacinação
BURITI ALEGRE,GO,25,Baixa Vacinação
POLONI,SP,4377,Alta Vacinação
ITAPORANGA,PB,702,Alta Vacinação
SANTO ANTONIO DE JESUS,BA,528,Alta Vacinação
CARUARU,PE,2319,Alta Vacinação
PEDRAO,BA,23,Baixa Vacinação
BONINAL,BA,1286,Alta Vacinação
SAO TOMAS DE AQUINO,MG,617,Alta Vacinação
PRESIDENTE KENNEDY,TO,14,Baixa Vacinação
ARIRANHA DO IVAI,PR,14,Baixa Vacinação
SAO LUIS,MA,7605,Alta Vacinação
MOCOCA,"",2,Baixa Vacinação
PORTO REAL DO COLEGIO,AL,547,Alta Vacinação
CRISTALANDIA,TO,22,Baixa Vacinação
CELSO RAMOS,SC,7,Baixa Vacinação
SANTA RITA D'OESTE,SP,1891,Alta Vacinação
BUIQUE,PE,1950,Alta Vacinação
BARBACENA,MG,932,Alta Vacinação
MARABA PAULISTA,SP,2829,Alta Vacinação
ITATIAIA,RJ,547,Alta Vacinação
NANTES,SP,2973,Alta Vacinação
CRUCILANDIA,MG,9,Baixa Vacinação
SAO NICOLAU,RS,6,Baixa Vacinação
SAO CAITANO,PE,666,Alta Vacinação
EMBU DAS ARTES - SP,"",1,Baixa Vacinação
IRACEMA,CE,502,Alta Vacinação
SAO JOSE DO EGITO,PE,938,Alta Vacinação
MARINOPOLIS,SP,1689,Alta Vacinação
LAGES,SC,555,Alta Vacinação
SAPUCAI-MIRIM,MG,580,Alta Vacinação
NAZARIO,GO,13,Baixa Vacinação
CARAIBAS,BA,516,Alta Vacinação
NIPOA,SP,3338,Alta Vacinação
LIMOEIRO,PE,1013,Alta Vacinação
OURO VERDE,SC,5,Baixa Vacinação
MARLIERIA,MG,24,Baixa Vacinação
CAEM,BA,529,Alta Vacinação
ITAQUAQUECETUBA,SP,186476,Alta Vacinação
CAPAO BONITO DO SUL,RS,3,Baixa Vacinação
PINHALZINHO,SP,9364,Alta Vacinação
TUPIRAMA,TO,6,Baixa Vacinação
CONCEICAO DO TOCANTINS,TO,12,Baixa Vacinação
GUARANI D'OESTE,SP,1963,Alta Vacinação
ITAGUARU,GO,12,Baixa Vacinação
SANTA CRUZ DA CONCEICAO,SP,3413,Alta Vacinação
JAPARAIBA,MG,11,Baixa Vacinação
EWBANK DA CAMARA,MG,25,Baixa Vacinação
SAO LEOPOLDO,RS,674,Alta Vacinação
IACU,BA,1252,Alta Vacinação
JOSE BONIFACIO,SP,24138,Alta Vacinação
SANTANA DA BOA VISTA,RS,4,Baixa Vacinação
CUTIAS,AP,5,Baixa Vacinação
COLORADO,PR,664,Alta Vacinação
PALESTINA DE GOIAS,GO,6,Baixa Vacinação
MIRASSOL,SP,32806,Alta Vacinação
NOVA SANTA ROSA,PR,12,Baixa Vacinação
TOMAR DO GERU,SE,679,Alta Vacinação
EMILIANOPOLIS,SP,2644,Alta Vacinação
SAO ROQUE,SP,60820,Alta Vacinação
ARAGUAPAZ,GO,13,Baixa Vacinação
CAMPO GRANDE,MS,13479,Alta Vacinação
OUROESTE,SP,7506,Alta Vacinação
SAO FRANCISCO,SP,2087,Alta Vacinação
GLORINHA,RS,13,Baixa Vacinação
CONCEICAO DAS ALAGOAS,MG,872,Alta Vacinação
RAFAEL JAMBEIRO,BA,1063,Alta Vacinação
ASPASIA,SP,1518,Alta Vacinação
SAO PEDRO DA SERRA,RS,2,Baixa Vacinação
MUCUM,RS,9,Baixa Vacinação
SITIO D'ABADIA,GO,2,Baixa Vacinação
ALTO BELA VISTA,SC,2,Baixa Vacinação
GOIOXIM,PR,5,Baixa Vacinação
OURO,SC,16,Baixa Vacinação
BOA VISTA DO CADEADO,RS,1,Baixa Vacinação
PERUIBE,SP,34981,Alta Vacinação
UBATA,BA,856,Alta Vacinação
PARAGUACU PAULISTA,SP,26939,Alta Vacinação
CASSILANDIA,MS,776,Alta Vacinação
PAVERAMA,RS,9,Baixa Vacinação
CASA BRANCA,SP,16401,Alta Vacinação
MILAGRES DO MARANHAO,MA,25,Baixa Vacinação
ITARANA,ES,19,Baixa Vacinação
LAMBARI,MG,657,Alta Vacinação
PAINEIRAS,MG,13,Baixa Vacinação
alba,SP,1,Baixa Vacinação
EMBU-GUACU,SP,47213,Alta Vacinação
PIATA,BA,1427,Alta Vacinação
TEJUPA,SP,2683,Alta Vacinação
PRIMAVERA DE RONDONIA,RO,13,Baixa Vacinação
CABRALIA PAULISTA,SP,2818,Alta Vacinação
SANTO ANTONIO DO RIO ABAIXO,MG,15,Baixa Vacinação
GENTIL,RS,8,Baixa Vacinação
BARRA,BA,1366,Alta Vacinação
VITOR MEIRELES,SC,8,Baixa Vacinação
BARCARENA,PA,574,Alta Vacinação
BUENO BRANDAO,MG,630,Alta Vacinação
SUMIDOURO,RJ,16,Baixa Vacinação
BOA ESPERANCA,MG,824,Alta Vacinação
FRANCISCO BADARO,MG,1014,Alta Vacinação
CACERES,MT,500,Alta Vacinação
UBARANA,SP,3533,Alta Vacinação
ITACURUBA,PE,16,Baixa Vacinação
AVELINOPOLIS,GO,6,Baixa Vacinação
TERESINA,PI,7276,Alta Vacinação
BURITIZAL,SP,2354,Alta Vacinação
PICOS,PI,1627,Alta Vacinação
PARAISO,SP,3326,Alta Vacinação
JI-PARANA,RO,760,Alta Vacinação
ASCURRA,SC,21,Baixa Vacinação
PLANALTO,BA,1220,Alta Vacinação
AGUAS FRIAS,SC,4,Baixa Vacinação
JARDIM,CE,553,Alta Vacinação
SANTA LEOPOLDINA,ES,20,Baixa Vacinação
ICO,CE,2433,Alta Vacinação
SALESOPOLIS,SP,10727,Alta Vacinação
VITORINO,PR,22,Baixa Vacinação
BIAS FORTES,MG,10,Baixa Vacinação
CRICIUMA,SC,815,Alta Vacinação
ITIRAPUA,SP,4113,Alta Vacinação
RIACHAO DO POCO,PB,16,Baixa Vacinação
FLORINIA,SP,3665,Alta Vacinação
SANTAREM NOVO,PA,15,Baixa Vacinação
ANAGE,BA,970,Alta Vacinação
SAO JOSE DAS MISSOES,RS,7,Baixa Vacinação
FORMOSA DO SUL,SC,2,Baixa Vacinação
FIGUEIROPOLIS,TO,20,Baixa Vacinação
SAO CAETANO DO SUL,SP,118324,Alta Vacinação
ANITA GARIBALDI,SC,8,Baixa Vacinação
CABACEIRAS DO PARAGUACU,BA,749,Alta Vacinação
TAQUARANA,AL,981,Alta Vacinação
GUARANTA,SP,4237,Alta Vacinação
CORREGO DO OURO,GO,4,Baixa Vacinação
CENTRO,"",1,Baixa Vacinação
SAO JOSE DOS RAMOS,PB,21,Baixa Vacinação
PEDRA BRANCA,CE,2456,Alta Vacinação
GUAPIACU,SP,12411,Alta Vacinação
PALMEIRAS DO TOCANTINS,TO,21,Baixa Vacinação
CAIUA,SP,2525,Alta Vacinação
ITAPEMA,SC,790,Alta Vacinação
SERTAOZINHO,SP,77909,Alta Vacinação
UIRAUNA,PB,599,Alta Vacinação
BELO CAMPO,BA,1204,Alta Vacinação
IPOJUCA,PE,636,Alta Vacinação
SAO JOSE DA TAPERA,AL,1128,Alta Vacinação
CANITAR,SP,3349,Alta Vacinação
LAJEADO NOVO,MA,15,Baixa Vacinação
ROLADOR,RS,1,Baixa Vacinação
IPORANGA,SP,2069,Alta Vacinação
PARDINHO,SP,5050,Alta Vacinação
JUARINA,TO,13,Baixa Vacinação
CRATO,CE,1611,Alta Vacinação
SANTA RITA DO ITUETO,MG,8,Baixa Vacinação
CORREGO DANTA,MG,19,Baixa Vacinação
CAMPOS DO JORDAO - SP,None,1,Baixa Vacinação
GILBERTO MELLO FREITAS,"",1,Baixa Vacinação
SELBACH,RS,7,Baixa Vacinação
VITORIA BRASIL,SP,1248,Alta Vacinação
GUARANI DE GOIAS,GO,2,Baixa Vacinação
MACAUBAL,SP,5267,Alta Vacinação
OURINHOS,SP,59812,Alta Vacinação
MIRIM DOCE,SC,5,Baixa Vacinação
Valentim  gentil,"",1,Baixa Vacinação
SAO JOAO DA PONTE,MG,583,Alta Vacinação
JARINU,SP,21700,Alta Vacinação
MUQUI,ES,17,Baixa Vacinação
EMBU DAS ARTES,SP,187485,Alta Vacinação
BOM JESUS DA LAPA,BA,1439,Alta Vacinação
NOVA ESPERANCA DO SUDOESTE,PR,17,Baixa Vacinação
IPIXUNA,AM,5,Baixa Vacinação
ARACAI,MG,6,Baixa Vacinação
NATIVIDADE DA SERRA,SP,3389,Alta Vacinação
RIO DOCE,MG,16,Baixa Vacinação
PAULA FREITAS,PR,23,Baixa Vacinação
SUZANO SP,"",1,Baixa Vacinação
ALEGRIA,RS,4,Baixa Vacinação
JUIZ DE FORA,MG,4261,Alta Vacinação
CASA GRANDE,MG,1,Baixa Vacinação
BOTUPORA,BA,822,Alta Vacinação
CACHOEIRA DO ARARI,PA,13,Baixa Vacinação
RIBEIRAO BONITO,SP,7025,Alta Vacinação
MENDONCA,SP,4826,Alta Vacinação
PATROCINIO,MG,935,Alta Vacinação
JACI,SP,5705,Alta Vacinação
ANGICAL,BA,23,Baixa Vacinação
SAO DOMINGOS,SC,18,Baixa Vacinação
MURUTINGA DO SUL,SP,3244,Alta Vacinação
PONTAL,SP,27287,Alta Vacinação
TABATINGA,SP,10234,Alta Vacinação
ARARAS,SP,78189,Alta Vacinação
BOA VISTA,RR,3585,Alta Vacinação
LUCAS DO RIO VERDE,MT,941,Alta Vacinação
VILHENA,RO,564,Alta Vacinação
SANTA MERCEDES,SP,2368,Alta Vacinação
SANANDUVA,RS,22,Baixa Vacinação
CAPOEIRAS,PE,705,Alta Vacinação
COQUEIROS DO SUL,RS,1,Baixa Vacinação
FOZ DO IGUACU,PR,3045,Alta Vacinação
SELVIRIA,MS,587,Alta Vacinação
OURO BRANCO,AL,578,Alta Vacinação
BARBALHA,CE,1109,Alta Vacinação
OURICURI,PE,1122,Alta Vacinação
MARCELINO RAMOS,RS,8,Baixa Vacinação
BELMIRO BRAGA,MG,7,Baixa Vacinação
IARAS,SP,3538,Alta Vacinação
GOIANORTE,TO,10,Baixa Vacinação
PARAISO DO SUL,RS,3,Baixa Vacinação
NOVA BRESCIA,RS,19,Baixa Vacinação
DUERE,TO,10,Baixa Vacinação
SAO MIGUEL ARCANJO,SP,21357,Alta Vacinação
SALOA,PE,554,Alta Vacinação
IRAQUARA,BA,1060,Alta Vacinação
ANDORINHA,BA,536,Alta Vacinação
carapicuiba,None,1,Baixa Vacinação
ARENOPOLIS,GO,4,Baixa Vacinação
ROCA SALES,RS,23,Baixa Vacinação
BOA VISTA DO BURICA,RS,9,Baixa Vacinação
SIMAO PEREIRA,MG,23,Baixa Vacinação
CAETES,PE,1000,Alta Vacinação
NOVA BOA VISTA,RS,1,Baixa Vacinação
ARAGUACEMA,TO,13,Baixa Vacinação
NOVO ARIPUANA,AM,13,Baixa Vacinação
COELHO NETO,MA,700,Alta Vacinação
SANTA CRUZ DO ARARI,PA,2,Baixa Vacinação
ARACI,BA,2948,Alta Vacinação
PRESIDENTE EPITACIO,SP,23502,Alta Vacinação
GRAO PARA,SC,23,Baixa Vacinação
MARECHAL THAUMATURGO,AC,15,Baixa Vacinação
QUEVEDOS,RS,1,Baixa Vacinação
MOCOCA,SP,45932,Alta Vacinação
PAULO AFONSO,BA,2711,Alta Vacinação
PARANAIBA,MS,1262,Alta Vacinação
INDAIATUBA,SP,171068,Alta Vacinação
AGUAS DE LINDOIA,SP,9510,Alta Vacinação
GOIABEIRA,MG,15,Baixa Vacinação
CRISTIANO OTONI,MG,10,Baixa Vacinação
CODO,MA,1404,Alta Vacinação
BOA ESPERANCA DO SUL,SP,8693,Alta Vacinação
NOVAIS,SP,2202,Alta Vacinação
ARARICA,RS,2,Baixa Vacinação
TELEMACO BORBA,PR,612,Alta Vacinação
MERIDIANO,SP,3399,Alta Vacinação
TAQUARIVAI,SP,4012,Alta Vacinação
DONA EMMA,SC,2,Baixa Vacinação
BOM JARDIM DA SERRA,SC,8,Baixa Vacinação
INUBIA PAULISTA,SP,2810,Alta Vacinação
SAO LOURENCO DA SERRA,SP,9363,Alta Vacinação
CONCHAL,SP,20100,Alta Vacinação
CAPITAO,RS,2,Baixa Vacinação
CANDIDO SALES,BA,1203,Alta Vacinação
AREIA DE BARAUNAS,PB,19,Baixa Vacinação
RIANAPOLIS,GO,18,Baixa Vacinação
SAO JOAO DA BOA VISTA,SP,56058,Alta Vacinação
